Pokemon,Score,Dex,Type 1,Type 2,Attack,Defense,Stamina,Stat Product,Level,CP,Fast Move,Charged Move 1,Charged Move 2,Charged Move 1 Count,Charged Move 2 Count,Buddy Distance,Charged Move Cost
Tinkaton,94.4,959,fairy,steel,140.3,177.3,178,4428816,50,2499,Fairy Wind,Gigaton Hammer*,Bulldoze,7,7,3,75000
Corviknight,94,823,flying,steel,137.8,170,193,4522355,47,2497,Sand Attack,Air Cutter*,Iron Head*,10,13,1,10000
Snorlax (Shadow),93.7,143,normal,none,139.1,131.2,245,4470989,28.5,2495,Psywave,Body Slam,Earthquake,10,17,5,75000
Corviknight (Shadow),93.4,823,flying,steel,137.8,170,193,4522355,47,2497,Sand Attack,Air Cutter*,Payback,10,15,1,10000
Melmetal,92.7,809,steel,none,155.2,138.3,187,4012293,25.5,2498,Thunder Shock,Double Iron Bash*,Dynamic Punch,4,5,20,100000
Virizion,92.3,640,grass,fighting,146.1,180,162,4260018,31,2496,Double Kick,Leaf Blade,Sacred Sword*,3,3,20,100000
Zygarde (Complete Forme),92.2,718,dragon,ground,128.9,142,264,4833523,24,2498,Dragon Tail,Crunch,Bulldoze,4,5,20,100000
Empoleon,92.1,395,water,steel,161.9,150.7,158,3856139,33,2500,Metal Sound,Hydro Cannon*,Drill Peck,5,5,3,10000
Empoleon (Shadow),92.1,395,water,steel,161.9,150.7,158,3856139,33,2500,Metal Sound,Hydro Cannon*,Drill Peck,5,5,3,10000
Mimikyu,92.1,778,ghost,fairy,159.7,179.8,135,3875876,50,2490,Shadow Claw,Shadow Sneak,Play Rough,7,8,5,50000
Snorlax,92.1,143,normal,none,139.1,131.2,245,4470989,28.5,2495,Psywave,Body Slam,Earthquake,10,17,5,75000
Florges,92,671,fairy,none,154,183.3,143,4037457,28.5,2496,Fairy Wind,Chilling Water*,Disarming Voice,5,5,3,50000
Moltres (Galarian),91.9,146,dark,flying,149.5,175.6,158,4146723,29.5,2490,Sucker Punch,Fly,Brave Bird,7,8,20,100000
Feraligatr (Shadow),91.7,160,water,none,159.2,154.6,159,3912480,35,2496,Shadow Claw,Hydro Cannon*,Ice Beam,5,7,3,10000
Feraligatr,91.5,160,water,none,159.2,154.6,159,3912480,35,2496,Shadow Claw,Hydro Cannon*,Ice Beam,5,7,3,10000
Jellicent,91.2,593,water,ghost,141.6,158.9,196,4409691,47.5,2499,Hex,Surf,Shadow Ball,4,4,3,50000
Giratina (Altered),91,487,ghost,dragon,134.5,168.1,204,4613304,27.5,2494,Dragon Breath,Ancient Power,Shadow Force*,12,17,20,100000
Cramorant,90.9,845,flying,water,158,149.6,157,3709764,50,2421,Peck,Dive,Fly,5,6,3,50000
Guzzlord,90.9,799,dark,dragon,145.1,86.1,343,4287285,34,2494,Dragon Tail,Brutal Swing,Sludge Bomb,3,5,20,100000
Skeledirge,90.7,911,fire,ghost,156.5,141.8,180,3994643,30.5,2500,Incinerate,Torch Song,Shadow Ball,3,3,3,10000
Rillaboom,90.6,812,grass,none,170.2,127.5,168,3646334,27.5,2492,Scratch,Drum Beating,Earth Power,9,13,3,10000
Lapras,90.5,131,water,ice,134,149.8,231,4637587,40.5,2495,Psywave,Sparkling Aria,Ice Beam*,12,14,5,75000
Lapras (Shadow),90.5,131,water,ice,134,149.8,231,4637587,40.5,2495,Psywave,Sparkling Aria,Ice Beam*,12,14,5,75000
Dusknoir,90.3,477,ghost,none,153.2,222.4,119,4054725,48.5,2493,Astonish,Dynamic Punch,Shadow Punch,5,4,3,50000
Ninetales (Alolan),90.3,38,ice,fairy,151.5,172.2,158,4121225,47.5,2499,Powder Snow,Weather Ball (Ice),Chilling Water*,5,6,3,50000
Dondozo,90.2,977,water,none,133.9,142.8,243,4646009,32,2495,Waterfall,Surf,Outrage,5,6,5,75000
Dusknoir (Shadow),90.2,477,ghost,none,153.2,222.4,119,4054725,48.5,2493,Astonish,Dynamic Punch,Shadow Punch,5,4,3,50000
Registeel,90.2,379,steel,none,122.8,243.1,170,5073927,49,2498,Lock On,Flash Cannon,Focus Blast,13,15,20,100000
Blastoise,90,9,water,none,143.9,181.6,166,4337825,45.5,2498,Bite,Hydro Cannon*,Skull Bash,10,19,3,10000
Ninetales (Alolan) (Shadow),90,38,ice,fairy,151.5,172.2,158,4121225,47.5,2499,Powder Snow,Weather Ball (Ice),Chilling Water*,5,6,3,50000
Forretress,89.9,205,bug,steel,144.9,182.4,163,4307907,48.5,2500,Volt Switch,Rock Tomb,Sand Tomb,4,3,5,75000
Giratina (Altered) (Shadow),89.9,487,ghost,dragon,137.4,163.1,202,4528800,27,2499,Dragon Breath,Ancient Power,Shadow Sneak,12,13,20,100000
Regidrago,89.8,895,dragon,none,154.6,84.4,309,4030826,32.5,2496,Dragon Breath*,Dragon Energy*,Vise Grip,12,10,20,100000
Ninetales,89.5,38,fire,none,151.2,171.2,159,4116371,49,2498,Ember*,Weather Ball (Fire),Energy Ball*,4,5,3,50000
Cresselia,89.4,488,psychic,none,120.2,207.2,208,5179131,36.5,2499,Psycho Cut,Grass Knot*,Moonblast,6,6,20,100000
Muk (Alolan),89.4,89,poison,dark,150,144.6,191,4142335,37,2497,Poison Jab,Brutal Swing,Ice Punch,5,6,3,50000
Clefable,89.2,36,fairy,none,150.7,144,191,4144850,47.5,2500,Fairy Wind,Meteor Mash,Draining Kiss,5,7,1,10000
Talonflame,89.2,663,fire,flying,160.5,142.9,168,3851770,50,2493,Incinerate*,Fly,Brave Bird,3,3,1,10000
Forretress (Shadow),89.1,205,bug,steel,144.9,182.4,163,4307907,48.5,2500,Volt Switch,Rock Tomb,Sand Tomb,4,3,5,75000
Walrein,89.1,365,ice,water,145.4,147.8,200,4297195,38.5,2500,Powder Snow*,Icicle Spear*,Earthquake,5,9,3,50000
Walrein (Shadow),89.1,365,ice,water,145.4,147.8,200,4297195,38.5,2500,Powder Snow*,Icicle Spear*,Earthquake,5,9,3,50000
Deoxys (Defense),89,386,psychic,none,130.2,288.2,126,4730043,50,2490,Low Kick,Psycho Boost,Thunderbolt,5,7,20,100000
Runerigus,89,867,ground,ghost,146.6,208.6,139,4251447,49.5,2497,Shadow Claw,Rock Tomb,Shadow Ball,7,7,3,50000
Steelix,89,208,steel,ground,126.6,238.2,163,4914537,48.5,2495,Thunder Fang,Psychic Fangs,Earthquake,6,11,5,75000
Seaking,88.9,119,water,none,159.7,136.1,172,3738228,50,2444,Peck,Drill Run*,Icy Wind*,5,6,3,50000
Cresselia (Shadow),88.7,488,psychic,none,121.9,201.7,207,5092108,33.5,2491,Psycho Cut,Grass Knot*,Moonblast,6,6,20,100000
Steelix (Shadow),88.7,208,steel,ground,126.6,238.2,163,4914537,48.5,2495,Thunder Fang,Psychic Fangs,Crunch,6,8,5,75000
Swampert,88.7,260,water,ground,157.7,141.3,177,3944235,32,2499,Mud Shot,Hydro Cannon*,Earthquake,5,8,3,10000
Toucannon,88.7,733,normal,flying,177.3,124.8,159,3517550,39,2499,Peck,Beak Blast*,Drill Peck,7,5,1,10000
Milotic (Shadow),88.6,350,water,none,145.2,172.6,171,4285417,31.5,2495,Waterfall,Aqua Tail,Wrap,4,5,5,75000
Primarina,88.6,730,water,fairy,169,149.1,146,3678176,28.5,2495,Waterfall,Hydro Cannon*,Moonblast,4,5,3,10000
Ampharos,88.5,181,electric,none,163.7,137.8,169,3814313,35,2499,Volt Switch,Brutal Swing,Trailblaze,3,3,5,75000
Cradily (Shadow),88.5,346,rock,grass,140.3,175.6,180,4436127,50,2499,Acid,Rock Tomb,Grass Knot,7,7,3,50000
Malamar (Shadow),88.5,687,dark,psychic,152.1,149.6,180,4094867,50,2500,Psywave,Foul Play,Superpower,10,10,3,50000
Ampharos (Shadow),88.4,181,electric,none,163.7,137.8,169,3814313,35,2499,Volt Switch,Brutal Swing,Trailblaze,3,3,5,75000
Talonflame (Shadow),88.4,663,fire,flying,160.5,142.9,168,3851770,50,2493,Incinerate*,Fly,Brave Bird,3,3,1,10000
Bellibolt,88.3,939,electric,none,148,141.7,200,4196936,39.5,2497,Sucker Punch,Parabolic Charge,Zap Cannon,8,12,1,50000
Seismitoad,88.3,537,water,ground,154.1,132.5,198,4042679,42.5,2498,Mud Shot,Earth Power,Icy Wind,6,5,3,50000
Annihilape,88.2,979,fighting,ghost,159,135.7,181,3907139,28,2497,Low Kick,Rage Fist*,Ice Punch,5,5,3,50000
Miltank,88.2,241,normal,none,136.1,173.1,194,4571437,50,2495,Rollout,Body Slam,High Horsepower,4,5,5,75000
Togekiss,88.2,468,fairy,flying,161.1,161.1,149,3868222,27.5,2498,Peck,Psyshock,Aura Sphere*,5,5,3,50000
Malamar,88.1,687,dark,psychic,152.1,149.6,180,4094867,50,2500,Psywave,Superpower,Foul Play,10,10,3,50000
Toucannon (Shadow),88.1,733,normal,flying,177.3,124.8,159,3517550,39,2499,Peck,Beak Blast*,Drill Peck,7,5,1,10000
Ninetales (Shadow),88,38,fire,none,151.2,171.2,159,4116371,49,2498,Ember*,Weather Ball (Fire),Energy Ball*,4,5,3,50000
Samurott,88,503,water,none,165.1,130.7,175,3777696,35.5,2498,Fury Cutter,Hydro Cannon*,Megahorn,10,14,3,10000
Kingdra,87.9,230,water,dragon,157,165.7,153,3979555,40.5,2499,Dragon Breath,Surf,Swift,12,9,3,50000
Gyarados (Shadow),87.8,130,water,flying,168,138.1,160,3712677,27,2500,Dragon Breath,Aqua Tail*,Twister,9,10,1,10000
Muk (Alolan) (Shadow),87.8,89,poison,dark,150,144.6,191,4142335,37,2497,Poison Jab,Brutal Swing,Ice Punch,5,6,3,50000
Golisopod,87.7,768,bug,water,160.4,171.9,141,3889212,29,2497,Fury Cutter,X-Scissor,Aqua Jet,10,10,1,10000
Turtonator,87.7,776,fire,dragon,150.4,193.3,142,4127984,50,2499,Incinerate,Brutal Swing,Dragon Claw,2,3,5,75000
Milotic,87.6,350,water,none,145.2,172.6,171,4285417,31.5,2495,Waterfall,Aqua Tail,Wrap,4,5,5,75000
Bombirdier,87.5,962,flying,dark,164.7,150.8,152,3775735,45,2497,Sucker Punch,Fly,Drill Run,7,6,5,75000
Kingdra (Shadow),87.5,230,water,dragon,157,165.7,153,3979555,40.5,2499,Dragon Breath,Surf,Swift,12,9,3,50000
Annihilape (Shadow),87.4,979,fighting,ghost,159,135.7,181,3907139,28,2497,Low Kick,Rage Fist*,Ice Punch,5,5,3,50000
Gyarados,87.4,130,water,flying,168,138.1,160,3712677,27,2500,Dragon Breath,Aqua Tail*,Twister,9,10,1,10000
Oranguru,87.4,765,normal,psychic,142,170,182,4392287,47,2499,Confusion,Brutal Swing,Trailblaze,3,4,3,75000
Oinkologne (Female),87.3,916,normal,none,141.9,144.3,215,4401451,45,2500,Take Down,Body Slam,Trailblaze,5,5,1,10000
Cradily,87.2,346,rock,grass,140.3,175.6,180,4436127,50,2499,Acid,Rock Tomb,Grass Knot,7,7,3,50000
Articuno,87.1,144,ice,flying,144.6,185.2,160,4284411,31,2495,Powder Snow,Icy Wind,Hurricane*,6,8,20,100000
Orthworm,87.1,968,steel,none,144.1,194.9,154,4323824,48.5,2496,Mud Slap,Iron Head,Rock Tomb,5,5,5,75000
Piloswine (Shadow),87.1,221,ice,ground,159.3,125.4,196,3916342,47,2500,Powder Snow,Icicle Spear,High Horsepower,5,7,3,50000
Aromatisse,87,683,fairy,none,152.7,135.3,198,4091706,47,2499,Fairy Wind,Moonblast,Psyshock,6,5,3,50000
Tentacruel,87,73,water,poison,141.2,185.2,169,4416829,48,2499,Acid,Scald,Payback,7,8,3,50000
Blastoise (Shadow),86.9,9,water,none,143.9,181.6,166,4337825,45.5,2498,Bite,Hydro Cannon*,Skull Bash,10,19,3,10000
Cofagrigus,86.9,563,ghost,none,146.6,208.6,139,4251447,49.5,2497,Shadow Claw,Shadow Ball,Energy Ball,7,6,3,50000
Politoed (Shadow),86.8,186,water,none,146.8,159.1,182,4252767,46,2499,Mud Shot,Weather Ball (Water),Earthquake*,4,8,3,50000
Tentacruel (Shadow),86.8,73,water,poison,141.2,185.2,169,4416829,48,2499,Acid,Scald,Payback,7,8,3,50000
Genesect (Shock),86.7,649,bug,steel,181.9,147.2,127,3398909,27,2493,Fury Cutter,Magnet Bomb,Techno Blast (Shock),10,14,20,100000
Swampert (Shadow),86.7,260,water,ground,157.7,141.3,177,3944235,32,2499,Mud Shot,Hydro Cannon*,Earthquake,5,8,3,10000
Drapion,86.6,452,poison,dark,150.9,178,153,4110687,46,2494,Poison Sting,Crunch,Aqua Tail,5,4,5,75000
Hippowdon (Shadow),86.6,450,ground,none,150,150.7,184,4160112,30,2500,Sand Attack,Weather Ball (Rock),Earth Power,9,13,3,50000
Piloswine,86.5,221,ice,ground,159.3,125.4,196,3916342,47,2500,Powder Snow,Icicle Spear,High Horsepower,5,7,3,50000
Raikou (Shadow),86.5,243,electric,none,171.2,138.9,151,3591755,26.5,2487,Thunder Shock,Wild Charge,Aura Sphere,5,5,20,100000
Cobalion,86.4,638,steel,fighting,146.1,180,162,4260018,31,2496,Double Kick,Sacred Sword*,Stone Edge,3,5,20,100000
Doublade,86.4,680,steel,ghost,158,181.8,137,3935561,46.5,2497,Shadow Claw,Sacred Sword,Iron Head,5,7,5,75000
Hippowdon,86.4,450,ground,none,150,150.7,184,4160112,30,2500,Sand Attack,Weather Ball (Rock),Earth Power,9,13,3,50000
Zapdos,86.4,145,electric,flying,176.1,134.2,149,3521675,25.5,2496,Thunder Shock*,Drill Peck,Thunderbolt,5,7,20,100000
Gastrodon,86.3,423,water,ground,149.8,130.8,212,4154572,47.5,2499,Mud Slap,Body Slam,Earth Power,4,5,3,50000
Samurott (Shadow),86.3,503,water,none,165.1,130.7,175,3777696,35.5,2498,Fury Cutter,Hydro Cannon*,Megahorn,10,14,3,10000
Lickilicky,86.1,463,normal,none,136.2,160.1,210,4578557,47,2499,Rollout,Body Slam*,Shadow Ball,4,4,3,50000
Sandslash (Alolan),86.1,28,ice,steel,149.8,171.4,162,4159285,47.5,2498,Powder Snow,Ice Punch,Drill Run,5,5,3,50000
Sylveon,86.1,700,fairy,none,152.2,159.5,169,4102727,30,2498,Fairy Wind,Draining Kiss,Shadow Ball,7,6,5,75000
Charizard,86,6,fire,flying,171.5,140.6,151,3640809,34,2500,Dragon Breath*,Blast Burn*,Air Cutter,13,10,3,10000
Cofagrigus (Shadow),86,563,ghost,none,146.6,208.6,139,4251447,49.5,2497,Shadow Claw,Shadow Ball,Energy Ball,7,6,3,50000
Crustle,85.9,558,bug,rock,155.1,172.9,150,4021778,43.5,2499,Fury Cutter,X-Scissor,Rock Wrecker,10,13,1,10000
Kyurem,85.9,646,dragon,ice,171,121.2,176,3648471,26,2500,Dragon Breath,Glaciate*,Dragon Claw,10,13,20,100000
Greninja (Shadow),85.8,658,water,dark,178.8,129.9,150,3483959,39.5,2498,Water Shuriken,Hydro Cannon*,Brutal Swing,3,3,3,10000
Grumpig,85.8,326,psychic,none,147,168.7,171,4241751,49,2498,Psywave,Dynamic Punch,Shadow Ball,12,13,1,10000
Grumpig (Shadow),85.8,326,psychic,none,147,168.7,171,4241751,49,2498,Psywave,Dynamic Punch,Shadow Ball,12,13,1,10000
Aurorus,85.7,699,rock,ice,145.8,136.6,214,4262140,36,2497,Powder Snow,Weather Ball (Ice),Meteor Beam,5,8,5,75000
Zapdos (Shadow),85.7,145,electric,flying,177.4,132.9,147,3465841,25.5,2480,Thunder Shock*,Drill Peck,Thunderbolt,5,7,20,100000
Ludicolo,85.6,272,water,grass,153.1,158.1,168,4067890,47.5,2496,Astonish,Weather Ball (Water),Energy Ball,4,5,3,50000
Politoed,85.6,186,water,none,146.8,159.1,182,4252767,46,2499,Mud Shot,Weather Ball (Water),Earthquake*,4,8,3,50000
Raikou,85.6,243,electric,none,169.2,143,151,3653881,26.5,2488,Thunder Shock,Wild Charge,Aura Sphere,5,5,20,100000
Slurpuff,85.6,685,fairy,none,153.8,149.6,174,4002111,50,2486,Fairy Wind,Draining Kiss,Energy Ball,7,5,3,50000
Weezing (Galarian) (Shadow),85.6,110,poison,fairy,155.4,176.2,147,4025295,49,2500,Fairy Wind,Brutal Swing,Sludge,4,5,3,50000
Articuno (Shadow),85.5,144,ice,flying,146.2,180,160,4211218,30.5,2488,Powder Snow,Icy Wind,Hurricane*,6,8,20,100000
Kommo-o,85.5,784,dragon,fighting,159.8,178.1,137,3898756,28,2496,Dragon Tail,Clanging Scales*,Upper Hand,4,4,5,75000
Umbreon,85.5,197,dark,none,118.5,214.3,194,4925267,50,2416,Snarl,Dark Pulse,Last Resort*,4,5,5,75000
Weezing (Galarian),85.5,110,poison,fairy,155.4,176.2,147,4025295,49,2500,Fairy Wind,Brutal Swing,Sludge,4,5,3,50000
Latias,85.4,380,dragon,psychic,160.2,178.1,136,3881268,26.5,2495,Dragon Breath,Mist Ball*,Aura Sphere,15,10,20,100000
Mewtwo (Armored),85.4,150,psychic,none,135,209,163,4596830,29.5,2492,Confusion,Psystrike*,Dynamic Punch,4,4,20,100000
Nidoqueen,85.4,31,poison,ground,150.5,152.1,181,4142930,45.5,2500,Mud Slap,Poison Fang,Earth Power,4,5,3,50000
Rapidash (Shadow),85.4,78,fire,none,173.1,143.6,145,3602748,46,2498,Incinerate,Wild Charge*,Drill Run,3,2,3,50000
Charizard (Shadow),85.3,6,fire,flying,171.5,140.6,151,3640809,34,2500,Dragon Breath*,Blast Burn*,Air Cutter,13,10,3,10000
Hydreigon (Shadow),85.3,635,dark,dragon,175,135.6,150,3559227,25,2498,Dragon Breath,Brutal Swing*,Fly,9,12,5,75000
Sandslash (Alolan) (Shadow),85.3,28,ice,steel,149.8,171.4,162,4159285,47.5,2498,Powder Snow,Ice Punch,Drill Run,5,5,3,50000
Stunfisk (Galarian),85.3,618,ground,steel,133.6,156.3,214,4468817,50,2445,Mud Shot,Rock Slide,Earthquake,5,8,5,75000
Dragalge,85.2,691,poison,dragon,151.2,185.4,147,4121297,49,2496,Dragon Tail,Aqua Tail,Outrage,3,5,3,50000
Rapidash,85.2,78,fire,none,173.1,143.6,145,3602748,46,2498,Incinerate,Wild Charge*,Drill Run,3,2,3,50000
Mantine,85.1,226,water,flying,137,202.5,149,4132945,50,2383,Wing Attack,Twister,Water Pulse,5,7,5,75000
Stunfisk,85.1,618,ground,electric,133.6,156.3,214,4468817,50,2445,Thunder Shock,Mud Bomb,Discharge,5,5,5,75000
Genesect (Chill),85,649,bug,steel,181.9,147.2,127,3398909,27,2493,Fury Cutter,Magnet Bomb,Techno Blast (Chill)*,10,14,20,100000
Abomasnow (Shadow),84.9,460,grass,ice,152.9,145.4,183,4068528,50,2495,Powder Snow,Weather Ball (Ice),Energy Ball,5,6,3,50000
Flamigo,84.9,973,flying,fighting,178.6,122.9,159,3491200,37,2499,Peck,Upper Hand,Brave Bird,5,7,3,75000
Mandibuzz,84.8,630,dark,flying,121,184.9,215,4809416,50,2417,Snarl,Dark Pulse,Shadow Ball,4,4,5,75000
Drifblim,84.7,426,ghost,flying,153.2,97.4,272,4061233,48.5,2496,Hex,Icy Wind,Shadow Ball,4,4,5,75000
Pelipper,84.7,279,water,flying,159.7,158.8,142,3600580,50,2404,Wing Attack,Weather Ball (Water),Hurricane,5,8,3,50000
Bronzong,84.6,437,steel,psychic,147.1,189.9,152,4244816,50,2499,Confusion,Weather Ball (Water),Bulldoze,3,4,3,50000
Drapion (Shadow),84.6,452,poison,dark,150.9,178,153,4110687,46,2494,Poison Sting,Aqua Tail,Crunch,4,5,5,75000
Hawlucha,84.6,701,fighting,flying,164.7,138.2,166,3780354,47.5,2498,Low Kick,Flying Press,Aerial Ace,5,6,5,75000
Ursaluna,84.6,901,ground,normal,161.6,125,191,3859202,24,2498,Scratch,Thunder Punch,High Horsepower*,10,14,3,50000
Abomasnow,84.5,460,grass,ice,152.9,145.4,183,4068528,50,2495,Powder Snow,Weather Ball (Ice),Energy Ball,5,6,3,50000
Lugia,84.5,249,psychic,flying,132.3,215.7,164,4679276,25,2495,Dragon Tail,Aeroblast*,Earth Power,7,5,20,100000
Trevenant (Shadow),84.4,709,ghost,grass,165.6,135.7,168,3775585,43.5,2500,Shadow Claw,Shadow Ball,Seed Bomb,7,5,5,75000
Dodrio,84.3,85,normal,flying,184.9,129.1,141,3365031,48.5,2499,Peck,Drill Peck,Brave Bird,5,7,3,50000
Yveltal,84.2,717,dark,flying,167.9,131.6,167,3690577,24.5,2496,Sucker Punch,Dark Pulse,Oblivion Wing*,7,8,20,100000
Greedent,84.1,820,normal,none,137.4,143.3,230,4527437,49.5,2496,Bite,Body Slam,Trailblaze,10,12,1,10000
Victreebel,84.1,71,grass,poison,173.6,123.4,167,3578349,46.5,2492,Sucker Punch,Leaf Blade,Sludge Bomb,5,8,3,50000
Goodra,83.9,706,dragon,none,153.3,175.1,151,4051325,26,2493,Dragon Breath,Aqua Tail,Power Whip,9,13,5,75000
Grimmsnarl,83.9,861,dark,fairy,175.3,116.4,174,3550096,34,2498,Sucker Punch,Foul Play,Draining Kiss,6,8,5,50000
Kingambit,83.9,983,dark,steel,163.6,145.6,160,3812498,25,2500,Low Kick,Foul Play,Iron Head,5,7,5,75000
Spiritomb,83.9,442,ghost,dark,154.6,179.8,127,3531052,50,2343,Sucker Punch,Shadow Ball,Rock Tomb,8,8,5,75000
Trevenant,83.9,709,ghost,grass,165.6,135.7,168,3775585,43.5,2500,Shadow Claw,Shadow Ball,Seed Bomb,7,5,5,75000
Crustle (Shadow),83.8,558,bug,rock,155.1,172.9,150,4021778,43.5,2499,Fury Cutter,X-Scissor,Rock Wrecker,10,13,1,10000
Genesect (Douse),83.8,649,bug,steel,181.9,147.2,127,3398909,27,2493,Fury Cutter,Magnet Bomb,Techno Blast (Douse)*,10,14,20,100000
Latias (Shadow),83.8,380,dragon,psychic,163.5,171.7,136,3816412,26,2499,Dragon Breath,Mist Ball*,Aura Sphere,15,10,20,100000
Scizor (Shadow),83.8,212,bug,steel,177.1,144.6,137,3507755,31,2494,Fury Cutter,Night Slash,Trailblaze,9,12,5,75000
Dudunsparce,83.7,982,normal,none,149.6,128.5,217,4171045,38,2499,Astonish,Drill Run,Rock Slide,4,5,3,50000
Starmie (Shadow),83.7,121,water,psychic,170.7,158,135,3640869,41.5,2498,Psywave,Aqua Jet,Power Gem,10,13,3,50000
Electrode (Hisuian),83.6,101,electric,grass,160.5,160.5,142,3657833,50,2430,Thunder Shock,Wild Charge,Energy Ball,5,5,3,50000
Aurorus (Shadow),83.5,699,rock,ice,145.8,136.6,214,4262140,36,2497,Powder Snow,Weather Ball (Ice),Meteor Beam,5,8,5,75000
Centiskorch,83.5,851,fire,bug,166.6,127.2,177,3750744,32,2499,Ember,Heat Wave,Lunge,5,5,5,75000
Thievul,83.5,828,dark,none,157.1,150.4,157,3710761,50,2415,Sucker Punch,Night Slash,Icy Wind*,5,7,1,10000
Throh (Shadow),83.5,538,fighting,none,142.2,139.8,221,4390995,43.5,2500,Low Kick,Brick Break,Body Slam,5,5,5,75000
Jirachi,83.4,385,steel,psychic,155.5,154.8,166,3996896,27.5,2493,Confusion,Doom Desire,Aura Sphere,3,3,20,100000
Nidoking,83.4,34,poison,ground,166.5,136.9,164,3736018,42,2494,Poison Sting,Avalanche,Earth Power,5,6,3,50000
Oinkologne,83.4,916,normal,none,151.1,133.6,204,4118651,41,2497,Take Down,Body Slam,Trailblaze,5,5,1,10000
Ursaluna (Shadow),83.4,901,ground,normal,161.6,125,191,3859202,24,2498,Scratch,Thunder Punch,High Horsepower*,10,14,3,50000
Blaziken (Shadow),83.3,257,fire,fighting,185.1,117.9,154,3361194,34,2495,Ember,Aura Sphere,Blast Burn*,5,6,3,10000
Machamp (Shadow),83.3,68,fighting,none,174.1,127.3,161,3569589,30,2498,Karate Chop*,Cross Chop,Rock Slide,4,5,3,50000
Nidoqueen (Shadow),83.3,31,poison,ground,150.5,152.1,181,4142930,45.5,2500,Mud Slap,Poison Fang,Earth Power,4,5,3,50000
Victreebel (Shadow),83.3,71,grass,poison,173.6,123.4,167,3578349,46.5,2492,Sucker Punch,Leaf Blade,Acid Spray,5,7,3,50000
Zeraora,83.3,807,electric,none,180.9,129.3,147,3437240,26.5,2494,Volt Switch,Plasma Fists,Dynamic Punch,3,3,20,100000
Blaziken,83.2,257,fire,fighting,185.1,117.9,154,3361194,34,2495,Ember,Aura Sphere,Blast Burn*,5,6,3,10000
Houndoom (Shadow),83.2,229,dark,fire,179.5,125.2,154,3461981,39.5,2495,Incinerate,Foul Play,Trailblaze,2,3,3,50000
Amoonguss (Shadow),83.1,591,grass,poison,142.9,129.4,221,4085363,50,2420,Astonish,Foul Play,Grass Knot,4,5,3,50000
Electivire,83.1,466,electric,none,185,128.4,142,3374171,29.5,2500,Thunder Shock,Wild Charge,Ice Punch,5,5,5,75000
Skarmory,83.1,227,steel,flying,137,202.5,149,4132945,50,2383,Air Slash,Brave Bird,Drill Run,7,5,5,75000
Tapu Fini,83.1,788,water,fairy,147.7,201.8,141,4204161,35,2498,Water Gun,Surf,Nature's Madness*,15,17,20,100000
Scizor,83,212,bug,steel,177.1,144.6,137,3507755,31,2494,Fury Cutter,Night Slash,Trailblaze,9,12,5,75000
Galvantula,82.9,596,bug,electric,181.5,120.2,157,3424193,50,2494,Volt Switch,Lunge,Discharge,3,3,3,50000
Genesect,82.9,649,bug,steel,181.9,147.2,127,3398909,27,2493,Fury Cutter,Magnet Bomb,Techno Blast (Normal)*,10,14,20,100000
Skarmory (Shadow),82.9,227,steel,flying,137,202.5,149,4132945,50,2383,Air Slash,Brave Bird,Drill Run,7,5,5,75000
Toedscruel,82.9,949,ground,grass,141.2,185.2,169,4416829,48,2499,Mud Slap,Seed Bomb,Earth Power,4,5,3,50000
Regice,82.8,378,ice,none,133.9,234.9,147,4623167,30,2488,Lock On,Thunder*,Blizzard,12,15,20,100000
Cetitan,82.7,975,ice,none,153.8,100.1,262,4035354,29.5,2494,Powder Snow,Icicle Spear,Superpower,5,5,3,50000
Gourgeist (Super),82.7,711,ghost,grass,147.5,170.5,168,4222720,40.5,2495,Incinerate,Shadow Ball,Seed Bomb,3,2,5,75000
Gogoat,82.6,673,grass,none,153.5,123.6,214,4057981,36,2496,Vine Whip,Leaf Blade,Rock Slide,5,6,3,50000
Grafaiai,82.6,945,poison,normal,176.2,137,146,3525041,49,2494,Scratch,Poison Fang,Foul Play,10,10,3,50000
Bellossom (Shadow),82.5,182,grass,none,151.6,166.6,163,4115043,48.5,2499,Acid,Leaf Blade,Dazzling Gleam,5,7,3,50000
Electivire (Shadow),82.5,466,electric,none,185,128.4,142,3374171,29.5,2500,Thunder Shock,Wild Charge,Ice Punch,5,5,5,75000
Genesect (Burn),82.5,649,bug,steel,181.9,147.2,127,3398909,27,2493,Fury Cutter,Magnet Bomb,X-Scissor,10,10,20,100000
Mew,82.5,151,psychic,none,155.5,154.8,166,3996896,27.5,2493,Shadow Claw,Psyshock,Wild Charge,5,6,20,100000
Overqwil,82.5,904,dark,poison,168.8,137.4,159,3687314,32.5,2495,Poison Jab,Aqua Tail,Dark Pulse,5,7,5,75000
Pangoro,82.5,675,fighting,dark,172.4,120.7,173,3601186,33,2493,Karate Chop,Close Combat,Night Slash,5,4,3,50000
Typhlosion (Shadow),82.5,157,fire,none,171.5,140.6,151,3640809,34,2500,Incinerate,Blast Burn*,Thunder Punch,3,2,3,10000
Bellossom,82.4,182,grass,none,151.6,166.6,163,4115043,48.5,2499,Acid,Leaf Blade,Dazzling Gleam,5,7,3,50000
Hydreigon,82.4,635,dark,dragon,175,135.6,150,3559227,25,2498,Dragon Breath,Brutal Swing*,Dragon Pulse,9,14,5,75000
Meganium (Shadow),82.4,154,grass,none,143.2,179.9,169,4354660,48.5,2497,Vine Whip,Frenzy Plant*,Earthquake,6,9,3,10000
Quaquaval,82.4,914,water,fighting,176.3,127.8,156,3516848,30.5,2494,Low Kick,Close Combat,Hydro Cannon*,6,5,3,10000
Typhlosion,82.4,157,fire,none,171.5,140.6,151,3640809,34,2500,Incinerate,Blast Burn*,Thunder Punch,3,2,3,10000
Gourgeist (Large),82.3,711,ghost,grass,148.3,179.1,158,4195581,44,2494,Incinerate,Shadow Ball,Seed Bomb,3,2,5,75000
Regirock,82.3,377,rock,none,133.9,234.9,147,4623167,30,2488,Lock On,Stone Edge,Focus Blast,11,15,20,100000
Armarouge,82.2,936,fire,psychic,169.7,142.6,151,3655686,28.5,2492,Incinerate,Psyshock,Flame Charge,2,3,5,50000
Coalossal,82.2,839,rock,fire,127.3,178.5,215,4885919,49.5,2496,Fire Spin,Rock Slide,Flame Charge,5,5,3,10000
Gliscor,82.2,472,ground,flying,148.8,186.6,151,4194296,39.5,2500,Wing Attack,Acrobatics,Night Slash,7,5,5,75000
Skuntank,82.2,435,poison,dark,158,122.7,204,3953754,50,2500,Poison Jab,Crunch,Trailblaze,7,7,3,50000
Slowbro (Shadow),82.2,80,water,psychic,146.6,156.2,186,4258939,43,2498,Confusion,Drain Punch,Ice Beam,3,4,3,50000
Starmie,82.2,121,water,psychic,170.7,158,135,3640869,41.5,2498,Psywave,Aqua Jet,Power Gem,10,13,3,50000
Venusaur,82.2,3,grass,poison,157.3,158.1,159,3955892,38,2500,Vine Whip,Frenzy Plant*,Sludge,6,5,3,10000
Meganium,82.1,154,grass,none,143.2,179.9,169,4354660,48.5,2497,Vine Whip,Frenzy Plant*,Earthquake,6,9,3,10000
Palossand,82.1,770,ghost,ground,150.2,157.6,175,4143492,47,2500,Astonish,Shadow Ball,Sand Tomb,5,5,3,50000
Perrserker,82.1,863,steel,none,165.7,147.4,154,3762118,48.5,2497,Shadow Claw,Close Combat,Foul Play,6,5,3,50000
Raichu (Alolan),82.1,26,electric,psychic,177.9,138.7,142,3503169,49,2496,Volt Switch,Volt Tackle,Psyshock,3,3,1,10000
Conkeldurr (Shadow),82,534,fighting,none,173,121.2,172,3606957,27.5,2500,Force Palm,Dynamic Punch,Brutal Swing*,5,4,5,75000
Decidueye,82,724,grass,ghost,165.5,149.2,153,3777731,37,2500,Astonish,Frenzy Plant*,Spirit Shackle,5,4,3,10000
Incineroar,82,727,fire,dark,161.5,140.7,170,3864062,31.5,2500,Snarl,Brutal Swing,Blast Burn*,3,4,3,10000
Mamoswine (Shadow),82,473,ice,ground,175.8,112.1,180,3547608,27.5,2497,Powder Snow,Icicle Spear,High Horsepower,5,7,3,50000
Nidoking (Shadow),82,34,poison,ground,166.5,136.9,164,3736018,42,2494,Poison Sting,Avalanche,Earth Power,5,6,3,50000
Throh,82,538,fighting,none,142.2,139.8,221,4390995,43.5,2500,Low Kick,Focus Blast,Body Slam,10,5,5,75000
Flygon,81.9,330,ground,dragon,165.2,141.5,162,3785283,40,2500,Dragon Tail,Twister,Sand Tomb,4,4,5,75000
Raichu,81.9,26,electric,none,174.8,139.5,142,3462012,50,2467,Volt Switch,Trailblaze,Volt Tackle,3,3,1,10000
Camerupt,81.8,323,fire,ground,175.6,126.9,157,3498579,50,2479,Incinerate,Earth Power,Rock Tomb,3,3,3,50000
Chesnaught,81.7,652,grass,fighting,153.7,164.2,161,4063213,33,2500,Low Kick,Frenzy Plant*,Superpower,6,5,3,10000
Dhelmise,81.7,781,ghost,grass,177,144.1,138,3520234,32.5,2497,Shadow Claw,Brutal Swing,Shadow Ball,5,7,5,50000
Lugia (Shadow),81.7,249,psychic,flying,134.9,212.9,160,4595122,24.5,2489,Dragon Tail,Fly,Earth Power,4,5,20,100000
Slowbro,81.7,80,water,psychic,146.6,156.2,186,4258939,43,2498,Confusion,Drain Punch,Ice Beam,3,4,3,50000
Wailord,81.7,321,water,none,155.7,84.9,301,3981930,48.5,2492,Rollout,Surf,Blizzard,4,6,1,10000
Avalugg,81.6,713,ice,none,143.9,183.4,164,4328663,29,2495,Ice Fang,Icy Wind,Crunch,8,8,3,50000
Drifblim (Shadow),81.6,426,ghost,flying,153.2,97.4,272,4061233,48.5,2496,Hex,Shadow Ball,Icy Wind,4,4,5,75000
Greninja,81.6,658,water,dark,178.8,129.9,150,3483959,39.5,2498,Water Shuriken,Hydro Cannon*,Brutal Swing,3,3,3,10000
Reshiram,81.6,643,dragon,fire,178.1,142.6,137,3477820,22.5,2493,Dragon Breath,Fusion Flare*,Draco Meteor,12,17,20,100000
Crobat,81.5,169,poison,flying,157,150.6,168,3972461,40.5,2497,Gust,Poison Fang,Shadow Ball,3,4,1,10000
Giratina (Origin),81.5,487,ghost,dragon,154.3,134.3,195,4039334,25,2500,Shadow Claw,Shadow Ball,Dragon Pulse,7,7,20,100000
Mamoswine,81.5,473,ice,ground,175.8,112.1,180,3547608,27.5,2497,Powder Snow,Icicle Spear,High Horsepower,5,7,3,50000
Keldeo (Resolute),81.4,647,water,fighting,177.4,134.8,145,3466877,24,2482,Low Kick,Secret Sword*,Aqua Jet,5,5,20,100000
Toxtricity,81.4,849,electric,poison,181.3,122.5,155,3442304,41,2499,Acid,Wild Charge,Swift,6,5,5,75000
Victini,81.4,494,psychic,fire,155.5,154.8,166,3996896,27.5,2493,Confusion,V-Create,Psyshock,3,3,20,100000
Dialga (Origin),81.3,483,steel,dragon,173.6,149.7,137,3560684,22,2487,Dragon Breath,Roar of Time<sup>†</sup>,Iron Head,17,13,20,100000
Houndoom,81.3,229,dark,fire,179.5,125.2,154,3461981,39.5,2495,Incinerate,Foul Play,Trailblaze,2,3,3,50000
Machamp,81.3,68,fighting,none,174.1,127.3,161,3569589,30,2498,Karate Chop*,Cross Chop,Rock Slide,4,5,3,50000
Pawmot,81.3,923,electric,fighting,187.1,120.5,148,3336944,40.5,2500,Thunder Shock,Brick Break*,Wild Charge,5,5,3,75000
Registeel (Shadow),81.3,379,steel,none,124.2,240.3,167,4985042,46.5,2488,Lock On,Focus Blast,Zap Cannon*,15,16,20,100000
Amoonguss,81.2,591,grass,poison,142.9,129.4,221,4085363,50,2420,Astonish,Foul Play,Grass Knot,4,5,3,50000
Gourgeist (Average),81.2,711,ghost,grass,149.5,189.6,147,4167554,49,2496,Incinerate,Shadow Ball,Seed Bomb,3,2,5,75000
Primeape (Shadow),81.2,57,fighting,none,182.4,127.4,147,3416160,48.5,2499,Karate Chop*,Rage Fist*,Ice Punch,5,5,3,50000
Venusaur (Shadow),81.1,3,grass,poison,157.3,158.1,159,3955892,38,2500,Vine Whip,Frenzy Plant*,Sludge,6,5,3,10000
Xerneas,81.1,716,fairy,none,167.9,131.6,167,3690577,24.5,2496,Geomancy*,Close Combat,Moonblast,4,4,20,100000
Crobat (Shadow),81,169,poison,flying,157,150.6,168,3972461,40.5,2497,Gust,Poison Fang,Shadow Ball,3,4,1,10000
Decidueye (Hisuian),81,724,grass,fighting,164.1,141.5,164,3808339,33.5,2500,Psycho Cut,Aura Sphere,Trailblaze,5,5,3,10000
Ferrothorn,81,598,grass,steel,141.1,195.6,160,4416600,47,2497,Bullet Seed,Power Whip,Flash Cannon,4,5,3,75000
Gliscor (Shadow),81,472,ground,flying,148.8,186.6,151,4194296,39.5,2500,Wing Attack,Acrobatics,Night Slash,7,5,5,75000
Palkia (Origin),81,484,water,dragon,184,146.2,126,3388341,21.5,2500,Dragon Breath,Aqua Tail,Draco Meteor,9,17,20,100000
Heracross,80.9,214,bug,fighting,172.7,140.8,148,3597541,29.5,2492,Fury Cutter,Upper Hand,Rock Tomb,10,13,3,50000
Magneton (Shadow),80.9,82,electric,steel,184.7,148.3,123,3369634,44,2496,Volt Switch,Magnet Bomb,Discharge,3,3,3,50000
Pidgeot (Shadow),80.9,18,normal,flying,152.1,142,176,3801427,50,2407,Gust*,Brave Bird,Twister,4,3,1,10000
Primeape,80.9,57,fighting,none,182.4,127.4,147,3416160,48.5,2499,Karate Chop*,Rage Fist*,Close Combat,5,5,3,50000
Gourgeist (Small),80.8,711,ghost,grass,154.2,196,134,4049702,49.5,2499,Incinerate,Shadow Ball,Seed Bomb,3,2,5,75000
Lokix,80.8,920,bug,dark,173.8,131.6,156,3569405,47.5,2494,Sucker Punch,X-Scissor,Trailblaze,6,7,1,50000
Palkia,80.8,484,water,dragon,182.6,144.1,129,3395180,23,2493,Dragon Breath,Aqua Tail,Draco Meteor,9,17,20,100000
Conkeldurr,80.7,534,fighting,none,173,121.2,172,3606957,27.5,2500,Force Palm,Dynamic Punch,Brutal Swing*,5,4,5,75000
Garganacl,80.7,934,rock,none,136.8,177.5,187,4540313,38.5,2496,Mud Shot,Rock Tomb,Rock Blast,6,5,5,50000
Lurantis,80.7,754,grass,none,162.7,152.8,154,3828817,48,2499,Leafage,Leaf Blade,Superpower,5,5,3,50000
Marshadow,80.7,802,fighting,ghost,180.6,133.5,142,3424219,24,2487,Shadow Claw,Close Combat,Thunder Punch,6,5,20,100000
Pidgeot,80.6,18,normal,flying,152.1,142,176,3801427,50,2407,Gust*,Twister,Brave Bird,3,4,1,10000
Toxicroak (Shadow),80.6,454,poison,fighting,174.8,120.3,169,3552699,44.5,2498,Poison Sting,Dynamic Punch,Shadow Ball,5,6,3,50000
Galvantula (Shadow),80.5,596,bug,electric,181.5,120.2,157,3424193,50,2494,Volt Switch,Lunge,Discharge,3,3,3,50000
Golurk (Shadow),80.5,623,ground,ghost,172.1,127.2,166,3633671,35,2500,Astonish,Shadow Punch,Earth Power,4,5,5,75000
Torterra,80.5,389,grass,ground,155.1,152.8,170,4028001,33.5,2500,Mud Slap,Frenzy Plant*,Sand Tomb,5,5,3,10000
Uxie,80.5,480,psychic,none,131.6,229.6,157,4744783,46.5,2500,Confusion,Swift,Future Sight,3,5,20,100000
Altaria,80.4,334,dragon,flying,131.1,181.5,164,3902033,50,2266,Dragon Breath,Moonblast*,Flamethrower,13,14,1,10000
Chesnaught (Shadow),80.4,652,grass,fighting,153.7,164.2,161,4063213,33,2500,Low Kick,Frenzy Plant*,Superpower,6,5,3,10000
Delphox,80.3,655,fire,psychic,171.9,149.9,141,3633571,30.5,2500,Scratch,Psyshock,Blast Burn*,10,13,3,10000
Golurk,80.3,623,ground,ghost,172.1,127.2,166,3633671,35,2500,Astonish,Shadow Punch,Earth Power,4,5,5,75000
Morpeko (Full Belly),80.3,877,electric,dark,173.9,114.3,139,2763076,50,2196,Thunder Shock,Aura Wheel,Psychic Fangs,5,4,3,50000
Roserade,80.3,407,grass,poison,183.7,148.8,124,3388821,32,2497,Poison Sting,Weather Ball (Fire)*,Leaf Storm,4,7,3,50000
Gurdurr (Shadow),80.2,533,fighting,none,163.9,125.2,178,3651822,50,2452,Low Kick,Brick Break,Stone Edge,5,7,5,75000
Samurott (Hisuian),80.2,503,water,dark,169.7,127.7,169,3661806,35.5,2498,Fury Cutter,Icy Wind,Dark Pulse,12,12,3,10000
Ursaring (Shadow),80.2,217,normal,none,179.3,118.3,164,3476626,32,2499,Shadow Claw,Swift,Close Combat,5,6,3,50000
Magnezone (Shadow),80.1,462,electric,steel,173.3,156.9,132,3589120,28.5,2500,Volt Switch,Wild Charge,Mirror Shot,3,3,3,50000
Thundurus (Incarnate) (Shadow),80.1,642,electric,flying,189.8,124.7,138,3266915,27.5,2490,Thunder Shock,Thunder Punch,Brick Break,5,5,20,100000
Zygarde (50% Forme),80.1,718,dragon,ground,146.5,166.4,173,4217160,26.5,2487,Dragon Tail,Crunch,Earthquake,4,6,20,100000
Aggron,80,306,steel,rock,150.4,201.5,137,4151170,31.5,2498,Metal Sound,Brick Break,Meteor Beam,5,8,1,10000
Delphox (Shadow),80,655,fire,psychic,171.9,149.9,141,3633571,30.5,2500,Scratch,Psyshock,Blast Burn*,10,13,3,10000
Latios (Shadow),80,381,dragon,psychic,180.6,144,131,3406724,24,2485,Dragon Breath,Aura Sphere,Luster Purge*,10,15,20,100000
Skuntank (Shadow),80,435,poison,dark,158,122.7,204,3953754,50,2500,Poison Jab,Crunch,Trailblaze,7,7,3,50000
Ferrothorn (Shadow),79.9,598,grass,steel,141.1,195.6,160,4416600,47,2497,Bullet Seed,Power Whip,Flash Cannon,4,5,3,75000
Hitmonlee (Shadow),79.9,106,fighting,none,182.5,156.1,120,3417089,42,2497,Low Kick,Close Combat,Blaze Kick,6,5,5,75000
Lucario,79.9,448,fighting,steel,186.3,123.4,145,3332518,37.5,2492,Force Palm*,Aura Sphere,Shadow Ball,4,5,5,75000
Lunatone,79.8,337,rock,psychic,157.3,139.1,181,3959098,47.5,2497,Psywave,Weather Ball (Ice),Rock Slide,9,12,3,50000
Poliwrath (Shadow),79.8,62,water,fighting,148.9,158.5,177,4175005,42,2497,Counter*,Icy Wind,Scald,8,9,3,50000
Torkoal,79.8,324,fire,none,139.5,183.2,157,4011742,50,2366,Ember,Flame Wheel,Overheat,5,7,3,50000
Gholdengo,79.6,1000,steel,ghost,174.4,139,147,3561984,26,2499,Hex,Shadow Ball,Power Gem,4,4,5,10000
Gurdurr,79.6,533,fighting,none,163.9,125.2,178,3651822,50,2452,Low Kick,Brick Break,Stone Edge,5,7,5,75000
Honchkrow (Shadow),79.6,430,dark,flying,192.4,91.1,185,3243803,38,2500,Peck,Brave Bird,Dark Pulse,7,6,3,50000
Toxicroak,79.6,454,poison,fighting,174.8,120.3,169,3552699,44.5,2498,Poison Sting,Dynamic Punch,Shadow Ball,5,6,3,50000
Muk (Shadow),79.5,89,poison,none,150,144.6,191,4142335,37,2497,Poison Jab,Dark Pulse,Thunder Punch,7,6,3,50000
Reshiram (Shadow),79.5,643,dragon,fire,178.1,142.6,137,3477820,22.5,2493,Dragon Breath,Fusion Flare*,Draco Meteor,12,17,20,100000
Sandslash,79.5,28,ground,none,155.8,157.5,163,4000765,49.5,2499,Sand Attack,Night Slash*,Bulldoze,9,14,3,50000
Scrafty,79.5,560,dark,fighting,146.6,196,148,4254027,49.5,2499,Counter,Foul Play,Thunder Punch,7,7,3,50000
Dragonite (Shadow),79.4,149,dragon,flying,175.4,139.4,145,3545000,24,2495,Dragon Breath,Thunder Punch,Superpower,10,10,5,75000
Fearow,79.4,22,normal,flying,165.5,124.4,149,3067489,50,2257,Peck,Drill Peck,Drill Run,5,5,1,10000
Solrock,79.4,338,rock,psychic,157.3,139.1,181,3959098,47.5,2497,Psywave,Weather Ball (Fire),Rock Slide,9,12,3,50000
Vikavolt (Shadow),79.4,738,bug,electric,187.2,123.3,144,3325037,29.5,2498,Volt Switch*,X-Scissor,Discharge,3,3,1,10000
Altaria (Shadow),79.3,334,dragon,flying,131.1,181.5,164,3902033,50,2266,Dragon Breath,Moonblast*,Flamethrower,13,14,1,10000
Blacephalon,79.3,806,fire,ghost,224.2,113.5,109,2773071,27.5,2496,Incinerate,Mind Blown*,Shadow Ball,2,3,20,100000
Camerupt (Shadow),79.3,323,fire,ground,175.6,126.9,157,3498579,50,2479,Incinerate,Earth Power,Rock Tomb,3,3,3,50000
Gallade (Shadow),79.3,475,psychic,fighting,175.6,151.6,133,3541430,29.5,2498,Low Kick,Sacred Sword,Leaf Blade,5,5,5,75000
Latios,79.3,381,dragon,psychic,178.7,144.6,134,3462530,24,2488,Dragon Breath,Aura Sphere,Luster Purge*,10,15,20,100000
Magnezone,79.3,462,electric,steel,173.3,156.9,132,3589120,28.5,2500,Volt Switch,Wild Charge,Mirror Shot,3,3,3,50000
Poliwrath,79.2,62,water,fighting,148.9,158.5,177,4175005,42,2497,Counter*,Icy Wind,Scald,8,9,3,50000
Scolipede (Shadow),79.2,545,bug,poison,170.3,154.7,139,3662145,46.5,2497,Poison Sting,Aqua Tail,Megahorn,4,7,1,10000
Metagross,79.1,376,steel,psychic,171.5,158.4,134,3638776,24,2499,Shadow Claw*,Meteor Mash*,Earthquake,6,9,5,75000
Salamence (Shadow),79.1,373,dragon,flying,185.9,119.8,151,3361091,24,2500,Dragon Tail,Fly,Brutal Swing,4,3,5,75000
Flygon (Shadow),79,330,ground,dragon,165.2,141.5,162,3785283,40,2500,Dragon Tail,Twister,Sand Tomb,4,4,5,75000
Gengar (Shadow),78.7,94,ghost,poison,199.4,123,127,3114404,33,2496,Shadow Claw,Shadow Punch*,Dark Pulse*,5,6,3,50000
Ho-Oh,78.7,250,fire,flying,158,167.7,147,3895786,23.5,2481,Incinerate,Brave Bird,Sacred Fire*,3,4,20,100000
Muk,78.7,89,poison,none,150,144.6,191,4142335,37,2497,Poison Jab,Thunder Punch,Dark Pulse,6,7,3,50000
Urshifu (Single Strike),78.7,892,fighting,dark,176.5,125.6,158,3504394,24.5,2487,Sucker Punch,Payback,Dynamic Punch,9,7,20,100000
Garchomp,78.6,445,dragon,ground,169.8,133.3,162,3664965,23,2495,Dragon Tail,Sand Tomb,Twister,4,4,5,75000
Sandslash (Shadow),78.6,28,ground,none,155.8,157.5,163,4000765,49.5,2499,Sand Attack,Night Slash*,Bulldoze,9,14,3,50000
Serperior,78.6,497,grass,none,144.9,182.4,163,4307907,48.5,2500,Vine Whip,Frenzy Plant*,Aerial Ace,6,6,3,10000
Barbaracle,78.5,689,rock,water,156.1,171.8,149,3997799,39,2499,Fury Cutter,Cross Chop,Stone Edge,9,14,3,50000
Drampa,78.4,780,normal,dragon,176.9,134,149,3531438,33.5,2499,Dragon Breath,Swift,Dragon Pulse,9,14,5,75000
Magneton,78.4,82,electric,steel,184.7,148.3,123,3369634,44,2496,Volt Switch,Magnet Bomb,Discharge,3,3,3,50000
Vikavolt,78.4,738,bug,electric,187.2,123.3,144,3325037,29.5,2498,Volt Switch*,X-Scissor,Fly,3,3,1,10000
Scolipede,78.3,545,bug,poison,170.3,154.7,139,3662145,46.5,2497,Poison Sting,Aqua Tail,Megahorn,4,7,1,10000
Torterra (Shadow),78.3,389,grass,ground,155.1,152.8,170,4028001,33.5,2500,Mud Slap,Frenzy Plant*,Sand Tomb,5,5,3,10000
Hariyama,78.2,297,fighting,none,163,97.5,241,3828718,35,2500,Force Palm,Upper Hand,Heavy Slam,4,5,3,50000
Regirock (Shadow),78.2,377,rock,none,135.4,231.2,145,4538297,30,2483,Lock On,Stone Edge,Focus Blast,11,15,20,100000
Arcanine (Shadow),78.1,59,fire,none,170.4,132.1,163,3668546,31,2500,Fire Fang,Wild Charge,Psychic Fangs,8,6,3,50000
Honchkrow,78.1,430,dark,flying,192.4,91.1,185,3243803,38,2500,Peck,Brave Bird,Dark Pulse,7,6,3,50000
Leavanny,78.1,542,bug,grass,166.7,143.6,156,3735388,41.5,2498,Shadow Claw*,Leaf Blade,X-Scissor,5,5,1,10000
Qwilfish (Hisuian),78.1,211,dark,poison,167.2,139.5,149,3475491,50,2415,Poison Jab,Aqua Tail,Dark Pulse,5,7,3,50000
Slowbro (Galarian),78.1,80,poison,psychic,153,139.9,190,4067317,46.5,2495,Confusion,Drain Punch,Sludge Bomb,3,4,3,50000
Stoutland,78.1,508,normal,none,160.7,149.3,162,3885672,35,2500,Take Down,Wild Charge,Crunch,5,5,1,10000
Clodsire,78,980,poison,ground,119.3,139.5,245,4077850,50,2207,Poison Sting,Stone Edge,Earthquake,7,8,3,50000
Enamorus (Therian),78,905,fairy,flying,177.7,149.9,131,3490308,27,2498,Fairy Wind,Mystical Fire,Moonblast,5,6,20,100000
Hariyama (Shadow),78,297,fighting,none,163,97.5,241,3828718,35,2500,Force Palm,Upper Hand,Heavy Slam,4,5,3,50000
Palkia (Shadow),78,484,water,dragon,185.1,145.4,124,3338805,23,2495,Dragon Breath,Aqua Tail,Draco Meteor,9,17,20,100000
Shelgon (Shadow),78,372,dragon,none,157.1,142.9,149,3344610,50,2296,Dragon Breath,Twister,Flamethrower,10,14,5,75000
Baxcalibur,77.9,998,dragon,ice,175.4,123.4,164,3550894,25.5,2500,Dragon Breath,Glaive Rush*,Avalanche,10,12,5,75000
Kilowattrel,77.9,941,electric,flying,184,120.2,152,3362341,45.5,2494,Thunder Shock,Acrobatics,Aerial Ace,7,5,1,10000
Suicune,77.9,245,water,none,137.6,185.9,176,4503233,32,2491,Ice Fang,Ice Beam,Scald,10,9,20,100000
Dialga,77.8,483,steel,dragon,178.1,142.6,137,3477820,22.5,2493,Dragon Breath,Iron Head,Thunder,13,15,20,100000
Garchomp (Shadow),77.8,445,dragon,ground,169.8,133.3,162,3664965,23,2495,Dragon Tail,Sand Tomb,Twister,4,4,5,75000
Dewgong,77.7,87,water,ice,129.4,161.3,186,3883324,50,2245,Ice Shard*,Icy Wind*,Drill Run,5,4,3,50000
Hitmonlee,77.7,106,fighting,none,182.5,156.1,120,3417089,42,2497,Low Kick,Close Combat,Blaze Kick,6,5,5,75000
Shelgon,77.7,372,dragon,none,157.1,142.9,149,3344610,50,2296,Dragon Breath,Twister,Flamethrower,10,14,5,75000
Xatu (Shadow),77.7,178,psychic,flying,173.9,135.3,149,3506318,50,2474,Peck,Psyshock,Shadow Ball,5,7,3,50000
Machoke (Shadow),77.5,67,fighting,none,161.3,117.6,172,3264574,50,2296,Karate Chop,Cross Chop*,Dynamic Punch,4,5,3,50000
Dragonite,77.4,149,dragon,flying,175.4,139.4,145,3545000,24,2495,Dragon Breath,Thunder Punch,Superpower,10,10,5,75000
Swanna (Shadow),77.3,581,water,flying,165.5,123.5,164,3353483,50,2361,Gust,Aqua Jet,Fly,3,4,3,50000
Volcanion,77.3,721,fire,water,174.7,151.2,134,3539663,24,2488,Incinerate,Scald,Overheat,3,3,20,100000
Arctibax,77.2,997,dragon,ice,158,120.2,186,3530820,50,2365,Dragon Breath,Avalanche,Dragon Claw,12,13,5,75000
Zapdos (Galarian),77.2,145,fighting,flying,174.7,136.3,149,3547372,25.5,2490,Low Kick,Fly,Brave Bird,6,7,20,100000
Glalie,77.1,362,ice,none,148.7,148.7,172,3804904,50,2380,Powder Snow,Avalanche,Shadow Ball,6,7,3,50000
Dubwool,77,832,normal,none,146.2,179,160,4187141,50,2478,Double Kick,Body Slam,Wild Charge,4,4,3,10000
Bruxish,76.9,779,water,psychic,176,132,152,3532211,48,2499,Confusion,Aqua Tail,Psychic Fangs,3,3,3,50000
Excadrill (Shadow),76.9,530,ground,steel,184.5,101.8,180,3380431,28,2499,Mud Shot,Drill Run,Rock Slide,5,5,3,50000
Gigalith,76.9,526,rock,none,164,154,150,3790163,28.5,2497,Lock On,Superpower,Meteor Beam*,8,12,3,50000
Klefki,76.9,707,steel,fairy,147.1,163,137,3284196,50,2204,Astonish,Foul Play,Draining Kiss,4,6,3,50000
Noctowl,76.9,164,normal,flying,134.4,143.7,201,3883121,50,2288,Wing Attack,Shadow Ball,Return<sup>†</sup>,7,9,1,10000
Regice (Shadow),76.9,378,ice,none,135.4,231.2,145,4538297,30,2483,Lock On,Thunder*,Blizzard,12,15,20,100000
Relicanth,76.9,369,water,rock,134.9,176.4,194,4616800,44.5,2497,Water Gun,Aqua Tail,Ancient Power,12,15,5,75000
Salamence,76.9,373,dragon,flying,185.9,119.8,151,3361091,24,2500,Dragon Tail,Fly,Brutal Swing,4,3,5,75000
Sinistcha,76.9,1013,grass,ghost,171.1,153.2,139,3643425,32,2497,Astonish,Energy Ball,Shadow Ball,5,5,3,50000
Solgaleo,76.9,791,psychic,steel,166.6,130.7,172,3744360,23,2499,Fire Spin,Psychic Fangs,Iron Head,4,5,20,100000
Ceruledge,76.8,937,fire,ghost,175.5,143.9,141,3561055,29,2500,Incinerate,Shadow Ball,Flame Charge,3,3,5,50000
Salazzle,76.8,758,poison,fire,189.6,116.7,149,3296524,44,2500,Incinerate,Poison Fang,Dragon Pulse,2,3,3,50000
Xatu,76.8,178,psychic,flying,173.9,135.3,149,3506318,50,2474,Peck,Psyshock,Shadow Ball,5,7,3,50000
Aggron (Shadow),76.7,306,steel,rock,150.4,201.5,137,4151170,31.5,2498,Metal Sound,Brick Break,Meteor Beam,5,8,1,10000
Wailord (Shadow),76.7,321,water,none,155.7,84.9,301,3981930,48.5,2492,Rollout,Scald,Blizzard,4,6,1,10000
Gallade,76.5,475,psychic,fighting,175.6,151.6,133,3541430,29.5,2498,Low Kick,Sacred Sword,Leaf Blade,5,5,5,75000
Zebstrika (Shadow),76.5,523,electric,none,177.4,124.6,159,3515897,47,2499,Low Kick,Wild Charge,Discharge,6,5,3,50000
Electabuzz (Shadow),76.4,125,electric,none,172.8,142.3,146,3590962,46.5,2494,Thunder Shock,Thunder Punch,Thunderbolt,5,7,5,75000
Kartana,76.4,798,grass,steel,218.4,128.2,102,2857040,25,2500,Fury Cutter,Leaf Blade,Sacred Sword,9,9,20,100000
Ursaring,76.4,217,normal,none,179.3,118.3,164,3476626,32,2499,Shadow Claw,Swift,Close Combat,5,6,3,50000
Avalugg (Hisuian),76.3,713,ice,rock,151.3,172.6,158,4126031,26.5,2499,Powder Snow,Rock Slide,Icy Wind,6,6,3,50000
Sandaconda,76.3,844,ground,none,158.1,170.4,146,3931999,36,2498,Mud Slap,Earth Power,Wrap,5,5,3,50000
Zoroark (Hisuian),76.3,571,normal,ghost,209.5,112.2,126,2961798,39,2494,Shadow Claw,Swift,Shadow Ball,5,7,5,75000
Mismagius,76.2,429,ghost,none,171,159.1,134,3644477,41,2500,Hex,Shadow Ball,Mystical Fire,4,4,3,50000
Orbeetle,76.2,826,bug,psychic,142.9,214.3,142,4346565,50,2491,Confusion,Psyshock,Bug Buzz,3,5,1,10000
Whiscash,76.2,340,water,ground,139.5,131.1,215,3931334,50,2346,Mud Shot,Mud Bomb,Scald,5,6,1,10000
Mismagius (Shadow),76.1,429,ghost,none,171,159.1,134,3644477,41,2500,Hex,Shadow Ball,Mystical Fire,4,4,3,50000
Vaporeon,76,134,water,none,151.6,127.7,211,4086079,29.5,2494,Water Gun,Aqua Tail,Liquidation,12,15,5,75000
Wyrdeer,76,899,normal,psychic,163,123.4,190,3820904,37.5,2496,Confusion,Wild Charge,Stomp,4,3,5,75000
Dialga (Shadow),75.9,483,steel,dragon,178.7,140.7,136,3418525,22.5,2479,Dragon Breath,Iron Head,Thunder,13,15,20,100000
Druddigon,75.9,621,dragon,none,169,141,155,3693771,38,2498,Dragon Tail,Night Slash,Rock Tomb,3,5,5,75000
Metagross (Shadow),75.9,376,steel,psychic,171.5,158.4,134,3638776,24,2499,Shadow Claw*,Meteor Mash*,Earthquake,6,9,5,75000
Qwilfish (Shadow),75.9,211,water,poison,167.2,128.6,149,3203314,50,2318,Poison Sting,Aqua Tail,Shadow Ball,4,6,3,50000
Magmar (Shadow),75.8,126,fire,none,174.4,140.3,146,3572144,48,2496,Ember,Fire Punch,Scorching Sands,5,6,5,75000
Rayquaza,75.8,384,dragon,flying,186.5,119.8,147,3284503,23.5,2480,Dragon Tail,Breaking Swipe*,Dragon Ascent*,5,4,20,100000
Sceptile,75.8,254,grass,none,175.5,141.5,143,3551252,37,2496,Fury Cutter,Leaf Blade,Breaking Swipe,9,13,3,10000
Sliggoo,75.8,705,dragon,none,146.2,160.5,154,3613866,50,2303,Dragon Breath,Body Slam,Dragon Pulse,10,14,5,75000
Tapu Lele,75.8,786,psychic,fairy,179.8,151.2,126,3426352,26,2482,Astonish,Nature's Madness*,Psyshock,5,4,20,100000
Cinderace,75.7,815,fire,none,179.3,130.6,149,3488247,31,2500,Fire Spin,Blast Burn*,Pyro Ball,5,4,3,10000
Dewgong (Shadow),75.6,87,water,ice,129.4,161.3,186,3883324,50,2245,Ice Shard*,Icy Wind*,Drill Run,5,4,3,50000
Electrode (Shadow),75.6,101,electric,none,158,158,142,3543829,50,2373,Volt Switch,Foul Play,Discharge,3,3,3,50000
Magmar,75.6,126,fire,none,174.4,140.3,146,3572144,48,2496,Karate Chop,Fire Punch,Scorching Sands,5,6,5,75000
Regieleki,75.6,894,electric,none,193.5,106.2,155,3184640,34.5,2486,Volt Switch,Thunder Cage*,Hyper Beam,3,5,20,100000
Dipplin,75.5,1011,grass,dragon,147.8,166.2,171,4202497,49,2494,Dragon Tail,Seed Bomb,Outrage,4,5,5,75000
Escavalier,75.5,589,bug,steel,170.9,152.1,140,3637330,33.5,2499,Bug Bite,Razor Shell*,Drill Run,12,14,3,50000
Lanturn,75.5,171,water,electric,135.3,127.7,237,4095308,50,2357,Spark,Surf,Thunderbolt,7,8,3,50000
Swanna,75.5,581,water,flying,165.5,123.5,164,3353483,50,2361,Gust,Aqua Jet,Fly,3,4,3,50000
Tauros (Aqua),75.4,128,fighting,water,163,158.4,148,3820775,35,2499,Double Kick,Aqua Jet,Trailblaze,4,4,3,50000
Alomomola,75.3,594,water,none,128.6,122.7,296,4668794,50,2452,Waterfall,Hydro Pump,Blizzard,8,8,5,75000
Dachsbun,75.3,927,fairy,none,146.2,190.7,137,3820889,50,2370,Charm,Psychic Fangs,Body Slam,5,5,3,50000
Heatran,75.3,485,fire,steel,168.6,150.8,144,3660400,24.5,2491,Fire Spin,Magma Storm*,Earth Power,4,5,20,100000
Meloetta (Aria),75.3,648,normal,psychic,164.7,150.2,151,3735910,22.5,2484,Confusion,Psyshock,Dazzling Gleam,3,4,20,100000
Sceptile (Shadow),75.3,254,grass,none,175.5,141.5,143,3551252,37,2496,Fury Cutter,Leaf Blade,Breaking Swipe,9,13,3,10000
Emboar,75.2,500,fire,fighting,177,104.5,190,3513627,31.5,2496,Ember,Blast Burn*,Rock Slide,6,5,3,10000
Hypno,75.2,97,psychic,none,133.6,174.8,178,4156705,50,2363,Confusion,Thunder Punch,Shadow Ball,3,4,3,50000
Whiscash (Shadow),75.1,340,water,ground,139.5,131.1,215,3931334,50,2346,Mud Shot,Mud Bomb,Scald,5,6,1,10000
Aerodactyl,75,142,rock,flying,172.7,132.8,157,3598891,36,2495,Dragon Breath,Rock Slide,Brutal Swing,12,9,5,75000
Escavalier (Shadow),75,589,bug,steel,170.9,152.1,140,3637330,33.5,2499,Bug Bite,Drill Run,Razor Shell*,14,12,3,50000
Mudsdale,75,750,ground,none,160.8,136.5,177,3885464,31,2500,Mud Slap,Bulldoze,Body Slam,6,4,3,50000
Quagsire (Shadow),75,195,water,ground,140.3,132.8,194,3614465,50,2252,Mud Shot,Aqua Tail*,Stone Edge,4,7,3,50000
Sawk (Shadow),75,539,fighting,none,181.2,127.7,149,3446595,35.5,2499,Low Kick,Brick Break,Body Slam,5,5,5,75000
Urshifu (Rapid Strike),75,892,fighting,water,176.5,125.6,158,3504394,24.5,2487,Waterfall,Aqua Jet,Dynamic Punch,4,5,20,100000
Darkrai (Shadow),74.9,491,dark,none,193.1,136.8,121,3195123,24,2484,Sucker Punch,Foul Play,Shadow Ball,6,8,20,100000
Durant,74.9,632,bug,steel,174,159.9,129,3588806,39.5,2500,Bug Bite,X-Scissor,Iron Head,14,17,3,50000
Kabutops,74.9,141,rock,water,174.6,156,131,3568174,37.5,2497,Fury Cutter*,Aqua Jet,Stone Edge,10,14,5,75000
Machoke,74.9,67,fighting,none,161.3,117.6,172,3264574,50,2296,Karate Chop,Cross Chop*,Dynamic Punch,4,5,3,50000
Zekrom,74.9,644,dragon,electric,178.1,142.6,137,3477820,22.5,2493,Dragon Breath,Crunch,Wild Charge,12,12,20,100000
Barraskewda,74.8,847,water,none,206.3,110.2,133,3025192,39.5,2499,Peck,Aqua Jet,Close Combat,5,6,3,50000
Landorus (Therian),74.8,645,ground,flying,189,124.3,139,3265008,23,2484,Mud Shot,Sandsear Storm*,Stone Edge,5,7,20,100000
Froslass,74.7,478,ice,ghost,156.3,138.6,157,3402243,50,2306,Powder Snow,Avalanche,Shadow Ball,6,7,3,50000
Glalie (Shadow),74.7,362,ice,none,148.7,148.7,172,3804904,50,2380,Powder Snow,Avalanche,Shadow Ball,6,7,3,50000
Kyogre,74.7,382,water,none,173.6,150.2,137,3572048,22.5,2494,Waterfall,Avalanche,Origin Pulse*,5,6,20,100000
Sawsbuck,74.7,586,normal,grass,167.7,133.7,166,3721820,48,2498,Take Down,Wild Charge,Trailblaze,5,5,3,50000
Tyranitar,74.7,248,rock,dark,166.9,142.7,157,3737922,24,2498,Dragon Breath,Brutal Swing,Stone Edge,9,14,5,75000
Aerodactyl (Shadow),74.6,142,rock,flying,172.7,132.8,157,3598891,36,2495,Dragon Breath,Rock Slide,Brutal Swing,12,9,5,75000
Chimecho,74.6,358,psychic,none,157.1,153.8,164,3962829,50,2500,Astonish,Psyshock,Energy Ball,4,5,5,75000
Enamorus (Incarnate),74.6,905,fairy,flying,198.5,121.5,130,3135062,27,2499,Fairy Wind,Fly,Dazzling Gleam,5,7,20,100000
Excadrill,74.6,530,ground,steel,184.5,101.8,180,3380431,28,2499,Mud Shot,Drill Run,Rock Slide,5,5,3,50000
Hypno (Shadow),74.6,97,psychic,none,133.6,174.8,178,4156705,50,2363,Confusion,Thunder Punch,Ice Punch,3,3,3,50000
Slowking,74.6,199,water,psychic,146.6,156.2,186,4258939,43,2498,Confusion,Surf*,Blizzard,4,6,3,50000
Zebstrika,74.6,523,electric,none,177.4,124.6,159,3515897,47,2499,Low Kick,Wild Charge,Discharge,6,5,3,50000
Celesteela,74.4,797,steel,flying,154.4,155.9,168,4042383,30,2500,Air Slash,Body Slam,Bulldoze,5,7,20,100000
Rapidash (Galarian),74.4,78,psychic,fairy,173.1,143.6,145,3602748,46,2498,Fairy Wind,Body Slam,Wild Charge*,5,5,3,50000
Articuno (Galarian),74.3,144,psychic,flying,172,140.3,149,3596327,25.5,2487,Psycho Cut,Fly,Brave Bird,5,7,20,100000
Bouffalant,74.3,626,normal,none,153.3,150.2,177,4075470,36.5,2500,Mud Shot,Stomp,Earthquake,5,8,3,50000
Vespiquen,74.3,416,bug,flying,137.8,172.3,157,3727058,50,2267,Fury Cutter,X-Scissor,Power Gem,10,13,3,50000
Golem (Alolan) (Shadow),74.2,76,rock,electric,160.6,159.1,152,3881936,32.5,2499,Volt Switch,Wild Charge,Rock Blast,3,3,1,10000
Hitmontop,74.2,237,fighting,none,158,186.5,127,3742685,50,2438,Counter,Close Combat,Triple Axel,8,8,5,75000
Quagsire,74.2,195,water,ground,140.3,132.8,194,3614465,50,2252,Mud Shot,Aqua Tail*,Stone Edge,4,7,3,50000
Scyther (Shadow),74.2,123,bug,flying,172.9,143.3,145,3593674,38,2498,Fury Cutter,Night Slash,X-Scissor,9,10,5,75000
Golduck (Shadow),74.1,55,water,none,160.4,144,168,3881276,46.5,2500,Confusion,Cross Chop,Liquidation,3,4,3,50000
Golem (Alolan),74.1,76,rock,electric,160.6,159.1,152,3881936,32.5,2499,Volt Switch,Rock Blast,Wild Charge,3,3,1,10000
Kabutops (Shadow),74.1,141,rock,water,174.6,156,131,3568174,37.5,2497,Fury Cutter*,Aqua Jet,Stone Edge,10,14,5,75000
Serperior (Shadow),74.1,497,grass,none,144.9,182.4,163,4307907,48.5,2500,Vine Whip,Frenzy Plant*,Leaf Tornado,6,5,3,10000
Slowking (Galarian),74.1,199,poison,psychic,151.7,152.4,178,4115633,38.5,2500,Acid,Surf*,Shadow Ball,6,7,3,50000
Emboar (Shadow),74,500,fire,fighting,177,104.5,190,3513627,31.5,2496,Ember,Blast Burn*,Rock Slide,6,5,3,10000
Heatran (Shadow),74,485,fire,steel,170.8,148.6,142,3603202,24,2480,Fire Spin,Magma Storm*,Earth Power,4,5,20,100000
Magmortar (Shadow),74,467,fire,none,182,133.8,141,3433937,29,2500,Karate Chop,Fire Punch,Thunderbolt*,5,7,5,75000
Staraptor (Shadow),74,398,normal,flying,181.3,117.6,161,3432542,34.5,2499,Wing Attack,Fly,Close Combat,6,6,1,10000
Typhlosion (Hisuian),74,157,fire,ghost,179.3,137.4,141,3473115,30.5,2495,Ember,Fire Punch,Wild Charge,5,5,3,10000
Tyranitar (Shadow),74,248,rock,dark,166.9,142.7,157,3737922,24,2498,Dragon Breath,Brutal Swing,Stone Edge,9,14,5,75000
Golduck,73.9,55,water,none,160.4,144,168,3881276,46.5,2500,Confusion,Cross Chop,Liquidation,3,4,3,50000
Meowscarada,73.9,908,grass,dark,180.6,127.4,150,3451739,34.5,2498,Leafage,Night Slash,Frenzy Plant*,5,6,3,10000
Moltres,73.9,146,fire,flying,177,136.1,146,3515992,27,2498,Wing Attack,Fly,Heat Wave,6,6,20,100000
Tangrowth,73.9,465,grass,none,155.7,146.1,176,4002227,31,2498,Vine Whip,Power Whip,Rock Slide,7,6,3,50000
Tauros (Combat),73.9,128,fighting,none,163,158.4,148,3820775,35,2499,Double Kick,Close Combat,Trailblaze,4,4,3,50000
Zamazenta (Crowned Shield),73.9,889,fighting,steel,160.4,187.3,129,3876467,22,2494,Ice Fang,Close Combat,Behemoth Bash<sup>†</sup>,8,8,20,100000
Electrode,73.8,101,electric,none,158,158,142,3543829,50,2373,Volt Switch,Foul Play,Discharge,3,3,3,50000
Cacturne,73.7,332,grass,dark,194,108.3,153,3214223,48.5,2499,Sucker Punch,Dark Pulse,Trailblaze,7,7,3,50000
Crawdaunt (Shadow),73.7,342,water,dark,185.9,128,141,3354969,45,2497,Waterfall,Night Slash,Scald,4,5,3,50000
Pyroar,73.7,668,fire,normal,173.3,125.6,165,3590631,36.5,2499,Incinerate,Flame Charge,Dark Pulse,3,3,3,10000
Qwilfish,73.7,211,water,poison,167.2,128.6,149,3203314,50,2318,Poison Sting,Aqua Tail,Shadow Ball,4,6,3,50000
Weezing,73.7,110,poison,none,153.3,177.6,149,4057493,49.5,2495,Rollout,Sludge Bomb,Shadow Ball,4,4,3,50000
Comfey,73.6,764,fairy,none,151.3,193.3,129,3771020,50,2392,Vine Whip,Draining Kiss,Grass Knot,7,7,3,50000
Tapu Koko,73.6,785,electric,fairy,184.2,138.8,132,3375289,29,2496,Volt Switch,Thunderbolt,Nature's Madness*,4,4,20,100000
Cacturne (Shadow),73.5,332,grass,dark,194,108.3,153,3214223,48.5,2499,Sucker Punch,Dark Pulse,Trailblaze,7,7,3,50000
Hydrapple,73.5,1019,grass,dragon,157.6,141.2,178,3961526,28.5,2500,Dragon Tail,Seed Bomb,Outrage,4,5,5,75000
Rhyperior,73.5,464,ground,rock,162.7,134.9,175,3839674,24.5,2500,Mud Slap,Drill Run,Rock Wrecker*,4,5,3,50000
Swalot,73.5,317,poison,none,130.2,146.2,201,3827769,50,2236,Infestation,Sludge,Ice Beam,4,5,1,10000
Gengar,73.4,94,ghost,poison,199.4,123,127,3114404,33,2496,Shadow Claw,Shadow Punch*,Dark Pulse*,5,6,3,50000
Kecleon,73.4,352,normal,none,147.9,171.4,142,3599979,50,2314,Sucker Punch,Dynamic Punch,Foul Play,7,6,5,75000
Thundurus (Therian),73.4,642,electric,flying,201,115.6,133,3089807,25,2497,Volt Switch,Wildbolt Storm*,Focus Blast,3,5,20,100000
Whimsicott,73.4,547,grass,fairy,150.4,160.5,142,3428021,50,2277,Fairy Wind,Moonblast,Seed Bomb,6,5,1,10000
Claydol,73.3,344,ground,psychic,130.2,205,142,3792090,50,2229,Mud Slap,Ice Beam,Rock Tomb,6,5,3,50000
Electabuzz,73.3,125,electric,none,168.9,145.4,149,3658450,50,2490,Thunder Shock,Thunder Punch,Return<sup>†</sup>,5,8,5,75000
Rhyperior (Shadow),73.3,464,ground,rock,162.7,134.9,175,3839674,24.5,2500,Mud Slap,Drill Run,Rock Wrecker*,4,5,3,50000
Sawk,73.3,539,fighting,none,181.2,127.7,149,3446595,35.5,2499,Low Kick,Brick Break,Body Slam,5,5,5,75000
Suicune (Shadow),73.3,245,water,none,139.5,180.7,176,4434947,33,2493,Ice Fang,Scald,Ice Beam,9,10,20,100000
Bewear (Shadow),73.2,760,normal,fighting,166.9,112.5,199,3734891,29.5,2499,Low Kick,Superpower,Stomp,5,5,1,10000
Landorus (Incarnate) (Shadow),73.2,645,ground,flying,181.2,129.4,147,3447126,26,2500,Mud Shot,Earth Power,Rock Slide,6,5,20,100000
Moltres (Shadow),73.2,146,fire,flying,176.4,130.8,150,3460962,26,2475,Wing Attack,Fly,Heat Wave,6,6,20,100000
Sneasler (Shadow),73.2,903,fighting,poison,187.6,121.2,146,3320034,28.5,2497,Shadow Claw,Close Combat,X-Scissor,6,5,5,75000
Thundurus (Incarnate),73.2,642,electric,flying,189.8,124.7,138,3266915,27.5,2490,Thunder Shock,Crunch,Thunder,5,7,20,100000
Appletun,73.1,842,grass,dragon,150.2,131.2,211,4158863,47,2500,Astonish,Energy Ball,Outrage,5,6,5,75000
Cryogonal,73.1,615,ice,none,149.4,177.9,157,4174746,36.5,2498,Ice Shard,Night Slash,Triple Axel,4,5,5,75000
Hatterene,73.1,858,psychic,fairy,182.8,149.5,124,3388172,34.5,2493,Psycho Cut,Psyshock,Power Whip,5,6,5,50000
Obstagoon,73.1,862,dark,normal,145.4,165.2,178,4275315,40,2497,Counter,Night Slash,Cross Chop,6,6,3,10000
Pinsir (Shadow),73.1,127,bug,none,180.7,144.9,132,3456032,32.5,2500,Fury Cutter,Close Combat,X-Scissor,12,10,5,75000
Ho-Oh (Shadow),73,250,fire,flying,161.2,163.8,145,3830681,23.5,2491,Incinerate,Brave Bird,Sacred Fire*,3,4,20,100000
Mienshao,73,620,fighting,none,204.1,108.6,138,3060265,37.5,2500,Force Palm,Brutal Swing,Brick Break,4,4,3,50000
Celebi,72.9,251,psychic,grass,155.5,154.8,166,3996896,27.5,2493,Confusion,Seed Bomb,Aura Sphere,3,3,20,100000
Obstagoon (Shadow),72.9,862,dark,normal,145.4,165.2,178,4275315,40,2497,Counter,Cross Chop,Night Slash,6,6,3,10000
Togedemaru,72.9,777,electric,steel,172.3,134.4,149,3450872,50,2442,Thunder Shock,Fell Stinger,Wild Charge,4,5,3,50000
Houndstone,72.8,972,ghost,none,154.4,170.7,153,4033071,44.5,2500,Bite,Shadow Ball,Psychic Fangs,13,9,3,50000
Jolteon,72.8,135,electric,none,178.3,147.4,133,3495268,34,2496,Volt Switch,Discharge,Last Resort*,3,4,5,75000
Sirfetch'd,72.8,865,fighting,none,186.7,140.7,127,3336898,31.5,2499,Fury Cutter,Leaf Blade,Close Combat,9,12,3,50000
Slowking (Shadow),72.8,199,water,psychic,146.6,156.2,186,4258939,43,2498,Confusion,Surf*,Blizzard,4,6,3,50000
Staraptor,72.8,398,normal,flying,181.3,117.6,161,3432542,34.5,2499,Wing Attack,Fly,Close Combat,6,6,1,10000
Donphan,72.7,232,ground,none,160.8,147.6,163,3868258,31,2494,Mud Slap,Earthquake,Trailblaze,7,5,3,50000
Hitmontop (Shadow),72.7,237,fighting,none,158,186.5,127,3742685,50,2438,Counter,Close Combat,Triple Axel,8,8,5,75000
Bewear,72.6,760,normal,fighting,166.9,112.5,199,3734891,29.5,2499,Low Kick,Superpower,Stomp,5,5,1,10000
Flapple,72.6,841,grass,dragon,178.3,129.2,152,3501510,45.5,2499,Dragon Breath,Fly,Seed Bomb,12,10,5,75000
Magmortar,72.6,467,fire,none,182,133.8,141,3433937,29,2500,Karate Chop,Fire Punch,Thunderbolt*,5,7,5,75000
Noivern,72.6,715,flying,dragon,161.8,145.6,164,3862261,36.5,2500,Bite,Heat Wave,Hurricane,12,15,5,75000
Passimian,72.6,766,fighting,none,166.7,129.1,174,3745736,31,2499,Counter,Close Combat,Brick Break,8,7,3,75000
Tauros (Blaze),72.6,128,fighting,fire,163,158.4,148,3820775,35,2499,Double Kick,Flame Charge,Trailblaze,5,4,3,50000
Gigalith (Shadow),72.5,526,rock,none,164,154,150,3790163,28.5,2497,Lock On,Meteor Beam*,Superpower,12,8,3,50000
Tangrowth (Shadow),72.5,465,grass,none,155.7,146.1,176,4002227,31,2498,Infestation,Power Whip,Rock Slide,5,4,3,50000
Chandelure (Shadow),72.4,609,ghost,fire,194.4,137.1,120,3198985,28,2495,Incinerate,Shadow Ball,Flame Charge,3,3,5,75000
Froslass (Shadow),72.4,478,ice,ghost,156.3,138.6,157,3402243,50,2306,Powder Snow,Avalanche,Shadow Ball,6,7,3,50000
Zangoose,72.4,335,normal,none,186,114.4,157,3338993,46.5,2493,Shadow Claw,Close Combat,Night Slash,6,5,3,50000
Necrozma (Dusk Mane),72.3,800,psychic,steel,178.1,148.9,132,3499821,22.5,2500,Shadow Claw,Dark Pulse,Sunsteel Strike,6,9,20,100000
Eternatus,72.1,890,poison,dragon,174.4,123.1,166,3563597,20,2498,Dragon Tail,Dynamax Cannon*,Sludge Bomb,4,5,20,100000
Girafarig (Shadow),72.1,203,normal,psychic,165.5,124.4,157,3232186,50,2314,Confusion,Psychic Fangs,Mirror Coat,3,4,3,50000
Lunala,72.1,792,psychic,ghost,166.6,130.7,172,3744360,23,2499,Shadow Claw,Shadow Ball,Moonblast,7,7,20,100000
Masquerain,72.1,284,bug,flying,170.4,137,156,3641528,49,2492,Infestation,Air Cutter,Lunge,4,4,1,10000
Sneasler,72.1,903,fighting,poison,187.6,121.2,146,3320034,28.5,2497,Shadow Claw,Close Combat,X-Scissor,6,5,5,75000
Darkrai,72,491,dark,none,193.1,136.8,121,3195123,24,2484,Sucker Punch,Foul Play,Shadow Ball,6,8,20,100000
Gothitelle,72,576,psychic,none,149.5,180.2,155,4173823,48,2499,Confusion,Rock Slide,Future Sight,4,5,3,50000
Rotom (Fan),72,479,electric,flying,166.5,187.3,120,3740814,42,2495,Astonish,Thunderbolt,Ominous Wind,6,5,5,75000
Tapu Bulu,72,787,grass,fairy,176.3,154.8,129,3520684,27,2492,Bullet Seed,Grass Knot,Nature's Madness*,4,4,20,100000
Darmanitan (Standard),71.9,555,fire,none,193.7,93.6,177,3209516,29.5,2498,Incinerate,Rock Slide,Overheat,3,3,3,50000
Haxorus (Shadow),71.9,612,dragon,none,194.3,124.8,132,3200424,25.5,2495,Dragon Tail,Night Slash,Dragon Claw,3,5,5,75000
Weezing (Shadow),71.9,110,poison,none,155.4,176.2,147,4025295,49,2500,Rollout,Sludge Bomb,Shadow Ball,4,4,3,50000
Floatzel,71.7,419,water,none,184,105.5,174,3377690,45.5,2494,Waterfall,Aqua Jet,Swift,4,4,3,50000
Scyther,71.7,123,bug,flying,172.9,143.3,145,3593674,38,2498,Fury Cutter,Night Slash,X-Scissor,9,10,5,75000
Claydol (Shadow),71.6,344,ground,psychic,130.2,205,142,3792090,50,2229,Mud Slap,Rock Tomb,Ice Beam,5,6,3,50000
Mewtwo,71.6,150,psychic,none,190.8,120.8,141,3249022,21.5,2491,Psycho Cut,Psystrike*,Shadow Ball*,5,6,20,100000
Pinsir,71.6,127,bug,none,180.7,144.9,132,3456032,32.5,2500,Fury Cutter,Close Combat,X-Scissor,12,10,5,75000
Fraxure (Shadow),71.4,611,dragon,none,189.1,116,150,3288680,50,2496,Dragon Tail,Aqua Tail,Night Slash,3,3,5,75000
Ribombee,71.4,743,bug,fairy,179,135.3,142,3438449,50,2488,Fairy Wind,Draining Kiss,Bug Buzz,7,7,1,10000
Bisharp,71.3,625,dark,steel,179,144.9,134,3476247,34.5,2497,Snarl,Dark Pulse,Iron Head,4,4,5,75000
Crawdaunt,71.3,342,water,dark,185.9,128,141,3354969,45,2497,Waterfall,Night Slash,Crabhammer,4,5,3,50000
Buzzwole,71.1,794,bug,fighting,165,144.4,158,3765881,26.5,2499,Counter,Superpower,Lunge,7,8,20,100000
Furfrou,71.1,676,normal,none,150.4,152.9,164,3772567,50,2387,Sucker Punch,Dark Pulse,Grass Knot,7,8,5,75000
Girafarig,71.1,203,normal,psychic,165.5,124.4,157,3232186,50,2314,Confusion,Psychic Fangs,Mirror Coat,3,4,3,50000
Noctowl (Shadow),71,164,normal,flying,134.4,143.7,201,3883121,50,2288,Wing Attack,Sky Attack,Shadow Ball,7,7,1,10000
Tornadus (Therian),71,641,flying,none,174.1,145.3,141,3567185,29,2498,Gust,Bleakwind Storm*,Heat Wave,4,4,20,100000
Venomoth,71,49,bug,poison,163,132.8,157,3398030,50,2354,Infestation,Poison Fang,Silver Wind,4,4,3,50000
Vigoroth,70.9,288,normal,none,146.2,134.4,172,3381166,50,2225,Scratch,Body Slam,Rock Slide,10,12,5,75000
Vigoroth (Shadow),70.9,288,normal,none,146.2,134.4,172,3381166,50,2225,Scratch,Body Slam,Rock Slide,10,12,5,75000
Entei,70.8,244,fire,none,165.7,125.8,180,3754219,26.5,2500,Fire Spin,Scorching Sands,Flame Charge,5,5,20,100000
Absol (Shadow),70.7,359,dark,none,200.7,108.4,142,3088738,42.5,2497,Psycho Cut,Brutal Swing*,Megahorn,4,7,5,75000
Huntail,70.7,367,water,none,172.3,159.1,132,3618598,46,2497,Bite,Aqua Tail,Crunch,9,12,3,50000
Landorus (Incarnate),70.7,645,ground,flying,181.2,129.4,147,3447126,26,2500,Mud Shot,Earth Power,Rock Slide,6,5,20,100000
Shiftry,70.7,275,grass,dark,175,112.2,181,3554488,47,2497,Snarl,Leaf Blade,Foul Play,3,4,3,50000
Shiftry (Shadow),70.7,275,grass,dark,175,112.2,181,3554488,47,2497,Snarl,Leaf Blade,Foul Play,3,4,3,50000
Araquanid,70.6,752,water,bug,118.5,196.6,154,3587769,50,2065,Infestation,Water Pulse,Mirror Coat,5,4,3,50000
Araquanid (Shadow),70.6,752,water,bug,118.5,196.6,154,3587769,50,2065,Infestation,Water Pulse,Mirror Coat,5,4,3,50000
Beartic,70.6,614,ice,none,174.1,122.2,168,3574941,30,2497,Powder Snow,Ice Punch,Liquidation,5,6,3,50000
Exploud,70.6,295,normal,none,157.2,124.2,203,3963683,46.5,2497,Astonish,Crunch,Disarming Voice,5,5,1,10000
Kleavor,70.6,900,bug,rock,185.6,136,133,3356394,29,2496,Fury Cutter,X-Scissor,Stone Edge,10,14,5,75000
Venomoth (Shadow),70.6,49,bug,poison,163,132.8,157,3398030,50,2354,Infestation,Poison Fang,Silver Wind,4,4,3,50000
Mr. Mime,70.2,122,psychic,fairy,173.4,183.5,113,3595651,49.5,2498,Psywave,Shadow Ball,Psychic,13,14,5,75000
Rotom (Heat),70.2,479,electric,fire,166.5,187.3,120,3740814,42,2495,Thunder Shock,Overheat,Thunderbolt,7,7,5,75000
Cloyster,70.1,91,water,ice,153.3,217.6,122,4069878,42.5,2498,Ice Shard,Icy Wind,Hydro Pump,5,8,3,50000
Espathra,70.1,956,psychic,none,170.1,115.3,187,3667941,45.5,2499,Confusion,Psyshock,Dazzling Gleam,3,4,3,50000
Mewtwo (Shadow),70.1,150,psychic,none,192,118.9,140,3196974,21.5,2482,Psycho Cut,Psystrike*,Shadow Ball*,5,6,20,100000
Tyrantrum,70.1,697,rock,dragon,167.6,148.7,149,3714646,29.5,2499,Dragon Tail,Rock Tomb,Crunch,5,4,5,75000
Heatmor,70,631,fire,none,172.2,119.2,176,3612379,47.5,2496,Fire Spin,Thunder Punch,Flamethrower,4,6,3,50000
Probopass (Shadow),70,476,rock,steel,126,243.7,142,4361605,50,2351,Rock Throw,Rock Slide,Magnet Bomb,9,8,3,50000
Krookodile,69.9,553,ground,dark,171.2,125.9,169,3641641,30,2497,Mud Slap,Crunch,Sand Tomb,5,5,5,75000
Necrozma (Dawn Wings),69.9,800,psychic,ghost,178.1,148.9,132,3499821,22.5,2500,Shadow Claw,Dark Pulse,Moongeist Beam,6,9,20,100000
Rotom (Wash),69.9,479,electric,water,166.5,187.3,120,3740814,42,2495,Thunder Shock,Thunderbolt,Hydro Pump,7,9,5,75000
Darmanitan (Standard) (Shadow),69.8,555,fire,none,193.7,93.6,177,3209516,29.5,2498,Incinerate,Rock Slide,Overheat,3,3,3,50000
Donphan (Shadow),69.6,232,ground,none,160.8,147.6,163,3868258,31,2494,Mud Slap,Earthquake,Trailblaze,7,5,3,50000
Vileplume,69.5,45,grass,poison,165.7,145.7,156,3764194,42,2497,Acid,Moonblast,Sludge Bomb,7,7,3,50000
Duraludon,69.4,884,steel,dragon,178.5,144.1,136,3499944,30,2500,Dragon Tail,Dragon Claw,Flash Cannon,5,6,5,75000
Golbat,69.4,42,poison,flying,147.9,138.6,164,3362863,50,2234,Wing Attack,Air Cutter,Poison Fang,5,5,1,10000
Probopass,69.3,476,rock,steel,126,243.7,142,4361605,50,2351,Rock Throw,Rock Slide,Magnet Bomb,9,8,3,50000
Zacian (Hero),69.2,888,fairy,none,169.5,161,134,3656567,24,2491,Snarl,Wild Charge,Close Combat,4,4,20,100000
Kangaskhan,69.1,115,normal,none,148.1,144.1,197,4201613,42,2498,Low Kick,Power-Up Punch,Outrage,5,8,3,50000
Klawf,69.1,950,rock,none,156.1,166.1,154,3991890,48,2499,Mud Slap,Bulldoze,Rock Tomb,6,5,3,75000
Luxray,69.1,405,electric,none,177.6,128.7,153,3498460,33.5,2497,Snarl,Wild Charge,Psychic Fangs*,4,3,5,75000
Squawkabilly,69.1,931,normal,flying,168.1,100.8,174,2948691,50,2231,Peck,Brave Bird,Fly,7,6,3,75000
Noivern (Shadow),69,715,flying,dragon,161.8,145.6,164,3862261,36.5,2500,Bite,Heat Wave,Hurricane,12,15,5,75000
Flareon,68.9,136,fire,none,183.7,141.9,130,3389104,30,2497,Ember,Superpower*,Heat Wave*,5,5,5,75000
Golbat (Shadow),68.9,42,poison,flying,147.9,138.6,164,3362863,50,2234,Wing Attack,Air Cutter,Poison Fang,5,5,1,10000
Groudon,68.9,383,ground,none,173.6,150.2,137,3572048,22.5,2494,Mud Shot,Precipice Blades*,Fire Punch*,7,5,20,100000
Mightyena (Shadow),68.9,262,dark,none,156.3,123.5,157,3031089,50,2177,Sucker Punch,Crunch,Poison Fang,7,6,1,10000
Hitmonchan (Shadow),68.8,107,fighting,none,169.5,173.6,125,3678343,46.5,2497,Counter,Ice Punch,Thunder Punch,7,7,5,75000
Gothitelle (Shadow),68.7,576,psychic,none,149.5,180.2,155,4173823,48,2499,Confusion,Rock Slide,Future Sight,4,5,3,50000
Zarude,68.7,893,dark,grass,163.8,147,157,3781239,23.5,2491,Vine Whip,Dark Pulse,Energy Ball,6,6,20,100000
Exploud (Shadow),68.6,295,normal,none,157.2,124.2,203,3963683,46.5,2497,Astonish,Crunch,Disarming Voice,5,5,1,10000
Haxorus,68.6,612,dragon,none,194.3,124.8,132,3200424,25.5,2495,Dragon Tail,Night Slash,Dragon Claw,3,5,5,75000
Armaldo (Shadow),68.5,348,rock,bug,172.3,142.1,148,3622735,34,2499,Fury Cutter,Rock Blast,Liquidation,10,12,3,50000
Armaldo,68.4,348,rock,bug,172.3,142.1,148,3622735,34,2499,Fury Cutter,Rock Blast,Liquidation,10,12,3,50000
Octillery,68.4,224,water,none,173.5,129.5,160,3596341,48,2500,Lock On,Water Pulse,Aurora Beam,10,12,1,10000
Terrakion,68.4,639,rock,fighting,177.7,133.6,148,3512695,25,2500,Double Kick,Sacred Sword*,Rock Slide,3,4,20,100000
Mightyena,68.3,262,dark,none,156.3,123.5,157,3031089,50,2177,Sucker Punch,Crunch,Poison Fang,7,6,1,10000
Rotom (Mow),68.2,479,electric,grass,166.5,187.3,120,3740814,42,2495,Thunder Shock,Thunderbolt,Leaf Storm,7,7,5,75000
Aegislash (Shield),68.1,681,steel,ghost,94.1,241.2,142,3222976,50,1746,Psycho Cut,Shadow Ball,Flash Cannon,9,11,5,75000
Dedenne,68.1,702,electric,fairy,150.4,125.2,152,2862540,50,2081,Thunder Shock,Discharge,Parabolic Charge,5,6,3,50000
Falinks,68.1,870,fighting,none,165,154.2,148,3765567,49.5,2495,Counter,Superpower,Megahorn,7,10,5,75000
Fraxure,68.1,611,dragon,none,189.1,116,150,3288680,50,2496,Dragon Tail,Aqua Tail,Night Slash,3,3,5,75000
Grapploct,68,853,fighting,none,167.1,138.9,160,3713731,39,2497,Waterfall,Superpower,Ice Punch,4,4,3,50000
Kyurem (White),68,646,dragon,ice,188.2,115.6,152,3306963,19.5,2500,Dragon Breath,Fusion Flare,Ice Burn<sup>†</sup>,12,15,20,100000
Polteageist,68,855,ghost,none,185.1,149.3,122,3371139,30,2500,Hex,Shadow Ball,Dark Pulse,4,4,3,50000
Wigglytuff,68,40,normal,fairy,143.7,88.2,260,3296306,50,2178,Charm,Disarming Voice,Icy Wind,6,6,1,10000
Zweilous,67.9,634,dark,dragon,146.2,126,160,2948691,50,2079,Dragon Breath,Dark Pulse,Body Slam,12,10,5,75000
Lairon,67.8,305,steel,rock,145.4,179,142,3694731,50,2324,Metal Sound,Rock Tomb,Rock Slide,7,6,1,10000
Maushold,67.8,925,normal,none,146.2,144.5,163,3444562,50,2244,Take Down,Swift,Crunch,4,5,1,10000
Necrozma,67.8,800,psychic,none,170.3,137.6,156,3655940,25,2497,Psycho Cut,Dark Pulse,Iron Head,5,6,20,100000
Absol,67.7,359,dark,none,200.7,108.4,142,3088738,42.5,2497,Psycho Cut,Brutal Swing*,Megahorn,4,7,5,75000
Leafeon,67.7,470,grass,none,164.4,174,132,3776436,32,2495,Bullet Seed*,Leaf Blade,Energy Ball,3,4,5,75000
Zweilous (Shadow),67.7,634,dark,dragon,146.2,126,160,2948691,50,2079,Dragon Breath,Dark Pulse,Body Slam,12,10,5,75000
Cloyster (Shadow),67.6,91,water,ice,153.3,217.6,122,4069878,42.5,2498,Ice Shard,Icy Wind,Hydro Pump,5,8,3,50000
Eelektross,67.6,604,electric,none,172.1,130.1,162,3627636,38,2499,Volt Switch*,Dragon Claw,Thunderbolt,4,4,1,10000
Gligar,67.6,207,ground,flying,132.8,167.2,149,3307998,50,2099,Wing Attack,Night Slash,Dig,5,7,5,75000
Shiinotic (Shadow),67.5,756,grass,fairy,142,153.8,142,3100951,50,2104,Astonish,Moonblast,Seed Bomb,5,4,3,50000
Kyurem (Black),67.4,646,dragon,ice,188.2,115.6,152,3306963,19.5,2500,Dragon Tail,Fusion Bolt,Freeze Shock<sup>†</sup>,4,5,20,100000
Porygon2,67.4,233,normal,none,157.3,151.9,165,3943391,38,2497,Lock On,Tri Attack,Zap Cannon,10,16,3,50000
Hitmonchan,67.3,107,fighting,none,169.5,173.6,125,3678343,46.5,2497,Counter,Ice Punch,Thunder Punch,7,7,5,75000
Mesprit,67.3,481,psychic,none,160.2,163.2,149,3895842,30,2500,Confusion,Swift,Future Sight,3,5,20,100000
Tsareena,67.3,763,grass,none,168.1,156.2,141,3702089,32,2497,Magical Leaf,Triple Axel,High Jump Kick*,5,6,3,10000
Ambipom (Shadow),67.2,424,normal,none,172.5,130.4,160,3598711,47,2498,Scratch,Aerial Ace,Low Sweep,12,10,3,50000
Heliolisk,67.2,695,electric,normal,177.6,144.3,137,3510521,40.5,2498,Volt Switch,Breaking Swipe,Parabolic Charge,4,4,3,50000
Infernape,67.2,392,fire,fighting,176.8,129.3,154,3520907,38,2496,Fire Spin,Close Combat,Blast Burn*,5,5,3,10000
Marowak (Alolan),67.2,105,fire,ghost,133.6,168.9,142,3204426,50,2075,Hex,Shadow Bone*,Bone Club,4,3,3,50000
Zoroark,67.2,571,dark,none,202.6,113.3,134,3076233,41.5,2497,Shadow Claw,Foul Play,Sludge Bomb,5,7,5,75000
Banette,67.1,354,ghost,none,188.5,118.1,148,3295702,49.5,2494,Shadow Claw,Shadow Ball,Dazzling Gleam,7,7,3,50000
Lopunny,67.1,428,normal,none,143.7,175.6,149,3760083,50,2328,Double Kick,Thunder Punch,Shadow Ball,4,5,3,50000
Blissey,67,242,normal,none,104.4,144.4,397,5981326,39,2498,Zen Headbutt,Wild Charge*,Dazzling Gleam,8,10,5,75000
Kingler (Shadow),67,99,water,none,185.8,149.3,121,3356170,35,2498,Mud Shot*,Crabhammer,Vise Grip,6,5,3,50000
Marowak,67,105,ground,none,133.6,168.9,142,3204426,50,2075,Mud Slap,Bone Club,Rock Slide,4,5,3,50000
Shiinotic,67,756,grass,fairy,142,153.8,142,3100951,50,2104,Astonish,Moonblast,Seed Bomb,5,4,3,50000
Garbodor (Shadow),66.9,569,poison,none,159.8,145.7,168,3910516,47.5,2499,Infestation,Body Slam,Seed Bomb,4,4,3,50000
Kyogre (Shadow),66.9,382,water,none,174.2,147.2,137,3513730,22,2481,Waterfall,Avalanche,Surf,5,5,20,100000
Banette (Shadow),66.8,354,ghost,none,191.2,116.7,146,3258658,47.5,2500,Shadow Claw,Shadow Ball,Dazzling Gleam,7,7,3,50000
Arbok (Shadow),66.7,24,poison,none,152.9,141.2,142,3065757,50,2171,Acid,Brutal Swing,Wrap,5,6,3,50000
Diancie,66.7,719,rock,fairy,154.6,228.5,114,4026566,35,2497,Rock Throw,Moonblast,Rock Slide,10,9,20,100000
Garbodor,66.7,569,poison,none,159.8,145.7,168,3910516,47.5,2499,Infestation,Body Slam,Seed Bomb,4,4,3,50000
Granbull,66.7,210,fairy,none,173.4,116.4,178,3593029,42.5,2497,Charm,Close Combat,Crunch,6,6,3,50000
Marowak (Alolan) (Shadow),66.7,105,fire,ghost,133.6,168.9,142,3204426,50,2075,Hex,Shadow Bone*,Bone Club,4,3,3,50000
Luxray (Shadow),66.6,405,electric,none,177.6,128.7,153,3498460,33.5,2497,Snarl,Wild Charge,Psychic Fangs*,4,3,5,75000
Espeon,66.5,196,psychic,none,191.1,135.5,126,3263202,28.5,2499,Confusion,Psychic Fangs,Shadow Ball*,3,4,5,75000
Exeggutor (Alolan),66.5,103,grass,dragon,173.4,122.9,169,3602554,30,2499,Dragon Tail,Seed Bomb,Draco Meteor*,4,6,3,50000
Tauros,66.4,128,normal,none,160.1,156.2,155,3876867,40.5,2494,Tackle,Trailblaze,Horn Attack,15,12,3,50000
Gardevoir,66.3,282,psychic,fairy,175.6,151.6,133,3541430,29.5,2498,Confusion,Triple Axel,Shadow Ball,4,4,5,75000
Vileplume (Shadow),66.3,45,grass,poison,165.7,145.7,156,3764194,42,2497,Acid,Moonblast,Sludge Bomb,7,7,3,50000
Omastar (Shadow),66.1,139,rock,water,161.9,165.8,143,3838068,36,2497,Mud Shot,Rock Slide*,Rock Blast,5,5,5,75000
Rotom (Frost),66.1,479,electric,ice,166.5,187.3,120,3740814,42,2495,Thunder Shock,Thunderbolt,Blizzard,7,9,5,75000
Weavile,66.1,461,dark,ice,183,136.3,137,3416806,31.5,2500,Snarl,Avalanche,Foul Play,4,4,3,50000
Arbok,66,24,poison,none,152.9,141.2,142,3065757,50,2171,Acid,Brutal Swing,Wrap,5,6,3,50000
Arboliva,66,930,grass,normal,166.5,150.1,150,3749548,32.5,2499,Magical Leaf,Earth Power,Trailblaze,5,5,3,50000
Sharpedo (Shadow),66,319,water,dark,216.8,82.3,157,2802942,50,2466,Bite,Crunch,Poison Fang,12,10,3,50000
Alakazam (Shadow),65.9,65,psychic,none,201.9,131,117,3094668,30,2500,Psycho Cut,Fire Punch,Shadow Ball,5,6,3,50000
Keldeo (Ordinary),65.8,647,water,fighting,177.4,134.8,145,3466877,24,2482,Poison Jab,Hydro Pump,Sacred Sword,11,5,20,100000
Marowak (Shadow),65.8,105,ground,none,133.6,168.9,142,3204426,50,2075,Mud Slap,Bone Club,Rock Slide,4,5,3,50000
Weavile (Shadow),65.8,461,dark,ice,183,136.3,137,3416806,31.5,2500,Snarl,Avalanche,Foul Play,4,4,3,50000
Entei (Shadow),65.7,244,fire,none,168.2,122.6,179,3692556,26,2498,Fire Spin,Scorching Sands,Flame Charge,5,5,20,100000
Gardevoir (Shadow),65.7,282,psychic,fairy,175.6,151.6,133,3541430,29.5,2498,Confusion,Triple Axel,Shadow Ball,4,4,5,75000
Gumshoos,65.7,735,normal,none,175.6,107.6,184,3475704,50,2470,Take Down,Rock Tomb,Crunch,6,5,1,10000
Kingler,65.7,99,water,none,185.8,149.3,121,3356170,35,2498,Mud Shot*,Crabhammer,Vise Grip,6,5,3,50000
Manectric,65.7,310,electric,none,187,116.5,153,3333190,46,2500,Snarl,Wild Charge,Psychic Fangs,4,3,3,50000
Mabosstiff,65.6,943,dark,none,174.7,133.7,153,3573939,32.5,2499,Bite,Crunch,Psychic Fangs,12,9,3,50000
Vanilluxe,65.6,584,ice,none,169.7,152.1,142,3666347,35.5,2496,Astonish,Avalanche*,Flash Cannon,5,7,3,50000
Ambipom,65.5,424,normal,none,172.5,130.4,160,3598711,47,2498,Scratch,Aerial Ace,Return<sup>†</sup>,12,18,3,50000
Musharna,65.5,518,psychic,none,146.2,141.5,206,4261551,38.5,2498,Charge Beam,Psyshock,Dazzling Gleam,4,5,3,50000
Braviary,65.4,628,normal,flying,172.7,120.4,174,3619092,29.5,2500,Air Slash,Fly,Close Combat,5,5,5,75000
Lairon (Shadow),65.4,305,steel,rock,145.4,179,142,3694731,50,2324,Metal Sound,Rock Tomb,Rock Slide,7,6,1,10000
Tropius,65.3,357,grass,flying,126.9,149.6,199,3776755,50,2194,Air Slash,Leaf Blade,Brutal Swing,4,4,5,75000
Zygarde (10% Forme),65.2,718,dragon,ground,177.4,155.2,127,3496421,47,2491,Dragon Tail,Crunch,Earthquake,4,6,20,100000
Groudon (Shadow),65.1,383,ground,none,174.2,147.2,137,3513730,22,2481,Mud Shot,Precipice Blades*,Fire Punch*,7,5,20,100000
Xurkitree,65.1,796,electric,none,214,101.2,134,2902378,23,2497,Thunder Shock,Discharge,Power Whip,5,6,20,100000
Exeggutor (Alolan) (Shadow),65,103,grass,dragon,173.4,122.9,169,3602554,30,2499,Dragon Tail,Seed Bomb,Draco Meteor*,4,6,3,50000
Exeggutor (Shadow),65,103,grass,psychic,174.9,120.5,169,3561034,30.5,2500,Confusion,Seed Bomb,Psychic,3,4,3,50000
Seviper,65,336,poison,none,177.3,111.8,161,3190279,50,2380,Poison Jab,Poison Fang,Crunch,6,7,3,50000
Sneasel (Hisuian),65,215,fighting,poison,171.4,135.3,135,3130823,50,2319,Poison Jab,Close Combat,X-Scissor,7,6,3,50000
Alakazam,64.9,65,psychic,none,201.9,131,117,3094668,30,2500,Psycho Cut,Fire Punch,Shadow Ball,5,6,3,50000
Cursola,64.9,864,ghost,none,188,144.1,122,3306932,30,2495,Astonish,Night Shade,Power Gem,5,5,3,50000
Omastar,64.8,139,rock,water,161.9,165.8,143,3838068,36,2497,Mud Shot,Rock Slide*,Rock Blast,5,5,5,75000
Simisear,64.8,514,fire,none,175.9,124,162,3534115,49.5,2497,Fire Spin,Crunch,Flamethrower,5,6,3,50000
Munchlax,64.6,446,normal,none,127.7,110.9,252,3570153,50,2139,Tackle,Body Slam,Bulldoze,14,19,5,10000
Revavroom,64.6,966,steel,poison,174,135.4,152,3581219,32,2500,Metal Sound,Gunk Shot,Gyro Ball,10,7,3,50000
Meowstic (Female),64.5,678,psychic,none,152.1,152.9,163,3791459,50,2401,Confusion,Energy Ball,Shadow Ball,4,4,3,50000
Sneasel (Hisuian) (Shadow),64.5,215,fighting,poison,171.4,135.3,135,3130823,50,2319,Poison Jab,Close Combat,X-Scissor,7,6,3,50000
Oricorio (Pom-Pom),64.3,741,electric,flying,171.7,132,160,3626828,47,2496,Air Slash,Air Cutter,Hurricane,5,7,3,75000
Simipour,64.2,516,water,none,175.9,124,162,3534115,49.5,2497,Bite,Surf,Crunch,12,12,3,50000
Volbeat,64.2,313,bug,none,132.8,152.1,149,3008782,50,2002,Infestation,Lunge,Thunderbolt,4,5,3,50000
Dragapult,64.1,887,dragon,ghost,183.9,126,146,3383708,26,2498,Dragon Tail,Shadow Ball,Outrage,5,5,5,75000
Heliolisk (Shadow),64.1,695,electric,normal,177.6,144.3,137,3510521,40.5,2498,Volt Switch,Breaking Swipe,Parabolic Charge,4,4,3,50000
Metang (Shadow),64.1,375,steel,psychic,128.6,160.5,142,2930096,50,1946,Fury Cutter,Psyshock,Gyro Ball,10,13,5,75000
Porygon2 (Shadow),64.1,233,normal,none,157.3,151.9,165,3943391,38,2497,Lock On,Tri Attack,Zap Cannon,10,16,3,50000
Manectric (Shadow),64,310,electric,none,187,116.5,153,3333190,46,2500,Snarl,Wild Charge,Psychic Fangs,4,3,3,50000
Tyrantrum (Shadow),64,697,rock,dragon,167.6,148.7,149,3714646,29.5,2499,Dragon Tail,Meteor Beam,Rock Tomb,5,5,5,75000
Jumpluff,63.9,189,grass,flying,111.8,166.4,164,3049506,50,1850,Fairy Wind,Energy Ball,Acrobatics*,5,7,3,50000
Metang,63.9,375,steel,psychic,128.6,160.5,142,2930096,50,1946,Fury Cutter,Psyshock,Gyro Ball,10,13,5,75000
Cherrim (Sunshine),63.8,421,grass,none,155.5,141.2,157,3445477,50,2315,Bullet Seed,Weather Ball (Fire),Solar Beam,3,7,1,10000
Zamazenta (Hero),63.8,889,fighting,none,169.5,161,134,3656567,24,2491,Snarl,Close Combat,Moonblast,4,4,20,100000
Accelgor,63.7,617,bug,none,184.3,110.1,167,3386831,45,2499,Infestation,Energy Ball*,Bug Buzz,4,5,3,50000
Accelgor (Shadow),63.7,617,bug,none,184.3,110.1,167,3386831,45,2499,Infestation,Energy Ball*,Bug Buzz,4,5,3,50000
Jynx,63.7,124,ice,psychic,181.7,132.8,142,3427109,42,2499,Confusion,Avalanche,Psyshock,4,3,5,75000
Breloom,63.4,286,grass,fighting,193.6,124.1,134,3219249,40,2499,Force Palm,Dynamic Punch,Grass Knot*,5,5,3,50000
Lycanroc (Midday),63.3,745,rock,none,184.4,120.8,152,3386645,39,2500,Sucker Punch,Drill Run,Stone Edge,6,8,5,50000
Infernape (Shadow),63.1,392,fire,fighting,176.8,129.3,154,3520907,38,2496,Fire Spin,Close Combat,Blast Burn*,5,5,3,10000
Klinklang,63.1,601,steel,none,161.4,180.3,133,3871801,39.5,2500,Metal Sound,Mirror Shot,Flash Cannon,5,9,5,75000
Rotom,63.1,479,electric,ghost,168.1,146.2,127,3120698,50,2296,Astonish,Thunderbolt,Ominous Wind,6,5,5,75000
Lumineon,63,457,water,none,131.9,155.5,155,3178863,50,2050,Gust,Aqua Tail,Silver Wind,3,4,3,50000
Sharpedo,63,319,water,dark,216.8,82.3,157,2802942,50,2466,Bite,Crunch,Poison Fang,12,10,3,50000
Inteleon,62.9,818,water,none,197.8,114.5,139,3150048,32,2497,Water Gun,Snipe Shot,Shadow Ball,12,17,3,10000
Jumpluff (Shadow),62.9,189,grass,flying,111.8,166.4,164,3049506,50,1850,Fairy Wind,Energy Ball,Acrobatics*,5,7,3,50000
Togetic,62.9,176,fairy,flying,129.4,164.7,135,2877261,50,1931,Fairy Wind,Psyshock,Draining Kiss,5,7,3,50000
Meowstic (Male),62.8,678,psychic,none,152.1,152.9,163,3791459,50,2401,Confusion,Energy Ball,Thunderbolt,4,4,3,50000
Klang,62.7,600,steel,none,138.6,158.8,142,3126820,50,2088,Metal Sound,Vise Grip,Thunderbolt,5,7,5,75000
Exeggutor,62.4,103,grass,psychic,174.9,120.5,169,3561034,30.5,2500,Confusion,Seed Bomb,Psychic,3,4,3,50000
Granbull (Shadow),62.3,210,fairy,none,173.4,116.4,178,3593029,42.5,2497,Charm,Close Combat,Crunch,6,6,3,50000
Crocalor,62.2,910,fire,none,148.7,125.2,173,3221621,50,2189,Incinerate,Crunch,Disarming Voice,3,3,3,10000
Carnivine,62.1,455,grass,none,169.7,126.9,163,3510627,50,2441,Vine Whip,Energy Ball,Crunch,6,6,5,75000
Basculin,62,550,water,none,171.4,121,157,3256575,50,2363,Water Gun,Aqua Tail,Aqua Jet,12,14,1,10000
Komala,61.9,775,normal,none,175.5,143.6,141,3553912,41.5,2499,Rollout,Bulldoze,Payback,5,5,3,50000
Gligar (Shadow),61.7,207,ground,flying,132.8,167.2,149,3307998,50,2099,Wing Attack,Night Slash,Aerial Ace,5,6,5,75000
Sudowoodo,61.7,185,rock,none,152.9,160.5,157,3853658,50,2428,Counter,Meteor Beam,Rock Tomb,10,9,5,75000
Pignite,61.6,499,fire,fighting,158,101.7,186,2987617,50,2175,Ember,Rock Tomb,Flame Charge,6,6,3,10000
Simisage,61.6,512,grass,none,175.9,124,162,3534115,49.5,2497,Vine Whip,Grass Knot,Crunch,7,6,3,50000
Beedrill,61.5,15,bug,poison,154.6,121.8,149,2806990,50,2087,Infestation,Drill Run*,X-Scissor,4,4,1,10000
Dartrix,61.5,723,grass,flying,131.9,129.4,168,2868127,50,1950,Peck,Brave Bird,Energy Ball,7,6,3,10000
Mr. Rime,61.3,866,ice,psychic,165.1,147.5,155,3776434,35.5,2498,Ice Shard,Icy Wind,Psychic,5,6,5,75000
Gabite (Shadow),61,444,dragon,ground,157.1,117.6,154,2846814,50,2119,Mud Shot,Twister,Dig,5,6,5,75000
Stakataka,61,805,rock,steel,154.1,219.1,120,4052248,28,2500,Rock Throw,Stone Edge,Bulldoze,11,11,20,100000
Nihilego,60.9,793,rock,poison,163.4,144.1,162,3814902,23,2497,Poison Jab,Power Gem,Sludge Bomb,8,8,20,100000
Tatsugiri (Curly),60.9,978,dragon,water,178.5,138.9,141,3496199,37.5,2500,Take Down,Surf,Outrage,5,7,5,75000
Tatsugiri (Droopy),60.9,978,dragon,water,178.5,138.9,141,3496199,37.5,2500,Take Down,Surf,Outrage,5,7,5,75000
Tatsugiri (Stretchy),60.9,978,dragon,water,178.5,138.9,141,3496199,37.5,2500,Take Down,Surf,Outrage,5,7,5,75000
Indeedee (Female),60.8,876,psychic,normal,156.9,163.6,155,3978595,48,2500,Extrasensory,Energy Ball,Psychic,5,6,3,50000
Misdreavus,60.5,200,ghost,none,152.9,142,142,3084006,50,2178,Astonish,Dark Pulse,Shadow Sneak,5,5,3,50000
Lilligant (Hisuian),60.4,549,grass,fighting,172.1,139.8,151,3630902,43.5,2499,Bullet Seed,Upper Hand,Petal Blizzard,4,5,1,10000
Furret,60.3,162,normal,none,137,117.6,178,2868167,50,1987,Sucker Punch,Swift,Brick Break,5,6,1,10000
Darmanitan (Galarian),60.2,555,ice,none,193.7,93.6,177,3209516,29.5,2498,Ice Fang,Avalanche,Superpower,8,7,3,50000
Reuniclus,60.2,579,psychic,none,163.4,121.5,192,3811698,33,2500,Charm*,Psyshock,Shadow Ball,5,7,3,50000
Tangela,60,114,grass,none,164.7,153.8,149,3773655,50,2497,Infestation,Grass Knot,Sludge Bomb,5,5,3,50000
Beedrill (Shadow),59.9,15,bug,poison,154.6,121.8,149,2806990,50,2087,Infestation,Drill Run*,X-Scissor,4,4,1,10000
Zacian (Crowned Sword),59.9,888,fairy,steel,191.6,143.4,117,3213757,18,2484,Metal Claw,Close Combat,Behemoth Blade<sup>†</sup>,7,8,20,100000
Clawitzer,59.8,693,water,none,173.4,142.7,145,3589465,36,2495,Water Gun,Crabhammer,Dark Pulse,17,15,3,50000
Pignite (Shadow),59.8,499,fire,fighting,158,101.7,186,2987617,50,2175,Ember,Rock Tomb,Flame Charge,6,6,3,10000
Crabominable,59.7,740,fighting,ice,176.9,115.2,173,3524381,33.5,2497,Bubble,Ice Punch,Brick Break,4,4,3,50000
Hoopa,59.7,720,psychic,ghost,187.1,137.5,128,3292971,26.5,2487,Astonish,Shadow Ball,Psychic,5,6,20,100000
Carracosta,59.6,565,water,rock,155.4,168.1,153,3995903,40.5,2498,Water Gun,Ancient Power,Liquidation,15,15,5,75000
Lycanroc (Midnight),59.6,745,rock,none,172.5,127.9,164,3618401,36.5,2499,Counter,Psychic Fangs,Crunch,6,8,5,50000
Frosmoth,59.5,873,ice,bug,181.6,131.2,144,3429740,37.5,2498,Powder Snow,Ice Beam,Bug Buzz,7,8,5,75000
Chandelure,59.3,609,ghost,fire,194.4,137.1,120,3198985,28,2495,Fire Spin,Shadow Ball,Flame Charge,5,5,5,75000
Archeops (Shadow),59.2,567,rock,flying,207.4,105.8,137,3005098,27.5,2499,Wing Attack,Ancient Power,Crunch,6,6,5,75000
Oricorio (Baile),59.2,741,fire,flying,171.7,132,160,3626828,47,2496,Air Slash,Air Cutter,Hurricane,5,7,3,75000
Graveler (Alolan) (Shadow),59.1,75,rock,electric,150.4,150.4,135,3054278,50,2145,Volt Switch,Stone Edge,Rock Blast,4,3,1,10000
Lycanroc (Dusk),59.1,745,rock,none,185.4,119.2,152,3358241,38,2500,Sucker Punch,Stone Edge,Trailblaze,8,7,5,50000
Reuniclus (Shadow),59.1,579,psychic,none,163.4,121.5,192,3811698,33,2500,Charm*,Psyshock,Shadow Ball,5,7,3,50000
Sneasel (Shadow),59.1,215,dark,ice,171.4,135.3,135,3130823,50,2319,Ice Shard,Avalanche,Foul Play,5,4,3,50000
Wormadam (Sandy),59,413,bug,ground,131.1,163.9,142,3050116,50,2005,Sucker Punch,Bulldoze,Bug Buzz,8,9,1,10000
Arcanine,58.9,59,fire,none,170.4,132.1,163,3668546,31,2500,Snarl,Crunch,Flamethrower,4,5,3,50000
Gabite,58.9,444,dragon,ground,157.1,117.6,154,2846814,50,2119,Mud Shot,Twister,Dig,5,6,5,75000
Misdreavus (Shadow),58.8,200,ghost,none,152.9,142,142,3084006,50,2178,Astonish,Dark Pulse,Shadow Sneak,5,5,3,50000
Parasect,58.7,47,bug,grass,151.3,135.3,142,2905731,50,2102,Fury Cutter,X-Scissor,Cross Poison,10,9,3,50000
Sealeo (Shadow),58.7,364,ice,water,127.7,123.5,186,2934557,50,1938,Powder Snow,Surf,Body Slam,6,5,3,50000
Sneasel,58.7,215,dark,ice,171.4,135.3,135,3130823,50,2319,Ice Shard,Avalanche,Foul Play,5,4,3,50000
Stonjourner,58.7,874,rock,none,161.2,139.8,171,3852527,28.5,2493,Rock Throw,Rock Slide,Stomp,9,8,5,75000
Gorebyss,58.6,368,water,none,174.2,157.2,130,3560207,44,2494,Confusion,Water Pulse,Draining Kiss,4,4,3,50000
Toxapex,58.6,748,poison,water,108.4,242,127,3331614,50,1905,Poison Jab,Brine,Sludge Wave,9,10,3,50000
Yanmega,58.6,469,bug,flying,176.3,126.4,159,3544006,32,2500,Wing Attack,Aerial Ace,Ancient Power,6,6,3,50000
Sealeo,58.5,364,ice,water,127.7,123.5,186,2934557,50,1938,Powder Snow,Surf,Body Slam,6,5,3,50000
Cinccino,58.3,573,normal,none,176.8,121.5,164,3521915,49.5,2496,Charm,Aqua Tail,Thunderbolt,5,7,3,50000
Purugly,58.3,432,normal,none,157.1,124.4,158,3087658,50,2208,Scratch,Aerial Ace,Thunder,12,15,3,50000
Graveler (Alolan),58.2,75,rock,electric,150.4,150.4,135,3054278,50,2145,Volt Switch,Stone Edge,Rock Blast,4,3,1,10000
Beheeyem,58.1,606,psychic,none,174,136.1,151,3574709,37,2498,Confusion,Dark Pulse,Rock Slide,4,4,3,50000
Boltund,58.1,836,electric,none,178.1,122.7,155,3387577,50,2460,Bite,Crunch,Thunder,12,15,1,50000
Tornadus (Incarnate),58.1,641,flying,none,189.8,124.7,138,3266915,27.5,2490,Bite,Dark Pulse,Hurricane,12,15,20,100000
Eldegoss,57.9,830,grass,none,137,189.9,142,3693628,50,2255,Bullet Seed,Energy Ball,Grass Knot,4,4,3,50000
Carracosta (Shadow),57.6,565,water,rock,155.4,168.1,153,3995903,40.5,2498,Water Gun,Liquidation,Ancient Power,15,15,5,75000
Purugly (Shadow),57.6,432,normal,none,157.1,124.4,158,3087658,50,2208,Scratch,Aerial Ace,Thunder,12,15,3,50000
Dunsparce,57.3,206,normal,none,122.7,120.2,201,2963150,50,1909,Rollout,Drill Run,Rock Slide,4,4,3,50000
Marshtomp,57.2,259,water,ground,143.7,124.4,157,2805603,50,2008,Mud Shot,Surf,Mud Bomb,5,5,3,10000
Azelf,57.1,482,psychic,none,197.5,114.8,139,3152866,28.5,2496,Confusion,Swift,Future Sight,3,5,20,100000
Magcargo,57.1,219,fire,rock,129.4,173.1,127,2844857,50,1924,Incinerate,Rock Tomb,Heat Wave,3,3,1,10000
Marshtomp (Shadow),57.1,259,water,ground,143.7,124.4,157,2805603,50,2008,Mud Shot,Surf,Mud Bomb,5,5,3,10000
Wormadam (Plant),57,413,bug,grass,131.1,163.9,142,3050116,50,2005,Sucker Punch,Energy Ball,Bug Buzz,7,9,1,10000
Glaceon,56.9,471,ice,none,175.6,156.7,129,3549966,29.5,2498,Ice Shard,Avalanche,Water Pulse*,5,5,5,75000
Oricorio (Sensu),56.7,741,ghost,flying,171.7,132,160,3626828,47,2496,Air Slash,Air Cutter,Hurricane,5,7,3,75000
Tangela (Shadow),56.6,114,grass,none,164.7,153.8,149,3773655,50,2497,Infestation,Grass Knot,Sludge Bomb,5,5,3,50000
Braviary (Hisuian),56.5,628,psychic,flying,166.5,114.3,197,3751048,36,2500,Air Slash,Brave Bird,Fly,7,5,5,75000
Tornadus (Incarnate) (Shadow),56.5,641,flying,none,189.8,124.7,138,3266915,27.5,2490,Bite,Dark Pulse,Hurricane,12,15,20,100000
Archeops,56.3,567,rock,flying,207.4,105.8,137,3005098,27.5,2499,Wing Attack,Ancient Power,Crunch,6,6,5,75000
Illumise,56.2,314,bug,none,132.8,152.1,149,3008782,50,2002,Infestation,Silver Wind,Shadow Ball,4,5,3,50000
Shaymin (Sky),55.9,492,grass,flying,178.8,120.8,161,3475315,25.5,2494,Magical Leaf,Energy Ball,Grass Knot,5,5,20,100000
Grotle,55.8,388,grass,none,144.5,132.8,164,3147010,50,2137,Bite,Energy Ball,Body Slam,12,10,3,10000
Unfezant,55.8,521,normal,flying,177.8,124.5,158,3497674,37,2497,Air Slash,Heat Wave,Sky Attack,5,6,1,10000
Sudowoodo (Shadow),55.6,185,rock,none,152.9,160.5,157,3853658,50,2428,Counter,Meteor Beam,Rock Tomb,10,9,5,75000
Mr. Mime (Galarian),55.4,122,ice,psychic,166.4,154.6,127,3267048,50,2338,Confusion,Ice Punch,Triple Axel,3,4,5,75000
Thwackey,55.2,811,grass,none,151.3,125.2,157,2973221,50,2121,Scratch,Energy Ball,Grass Knot,12,13,3,10000
Golem,55.1,76,rock,ground,160.6,159.1,152,3881936,32.5,2499,Mud Slap,Earthquake,Stone Edge,7,6,1,10000
Bibarel,55,400,normal,water,148.7,112.6,170,2847054,50,2061,Rollout,Surf,Hyper Fang,4,4,1,10000
Volcarona,54.8,637,bug,fire,179.7,135.6,142,3459424,25,2495,Fire Spin,Overheat,Hurricane,6,6,5,75000
Bibarel (Shadow),54.7,400,normal,water,148.7,112.6,170,2847054,50,2061,Rollout,Surf,Hyper Fang,4,4,1,10000
Mudbray,54.7,749,ground,none,159.7,114.3,157,2864580,50,2139,Mud Slap,Bulldoze,Body Slam,6,4,3,50000
Grotle (Shadow),54.6,388,grass,none,144.5,132.8,164,3147010,50,2137,Bite,Energy Ball,Body Slam,12,10,3,10000
Unfezant (Shadow),54.6,521,normal,flying,177.8,124.5,158,3497674,37,2497,Air Slash,Heat Wave,Sky Attack,5,6,1,10000
Boldore,54.5,525,rock,none,158.8,132.8,157,3310452,50,2293,Mud Slap,Rock Slide,Bulldoze,5,6,3,50000
Oricorio (Pa'u),54.5,741,psychic,flying,171.7,132,160,3626828,47,2496,Air Slash,Air Cutter,Hurricane,5,7,3,75000
Naganadel,54.2,804,poison,dragon,192.1,122.3,138,3241746,29,2496,Poison Jab,Dragon Claw,Sludge Bomb,8,8,20,100000
Sigilyph,54.2,561,psychic,flying,167.5,145,153,3714862,43,2494,Air Slash,Air Cutter,Ancient Power,5,5,5,75000
Rhydon,54.1,112,ground,rock,162.6,133.1,177,3829951,29,2500,Mud Slap,Stone Edge,Earthquake,6,7,3,50000
Sunflora,53.9,192,grass,none,168.1,126,164,3474032,50,2421,Bullet Seed,Leaf Storm,Sludge Bomb,5,4,3,50000
Glimmora,53.6,970,rock,poison,177.4,135,147,3521446,28,2499,Rock Throw,Meteor Beam,Power Gem,12,10,3,50000
Arcanine (Hisuian),53.5,59,fire,rock,171.2,130.6,163,3645335,29.5,2500,Snarl,Rock Slide,Crunch,4,4,3,50000
Raticate (Alolan),52.9,20,dark,normal,126,142,164,2935557,50,1927,Bite,Crunch,Hyper Fang,12,13,1,10000
Azumarill,52.8,184,water,fairy,106.7,140.3,201,3010128,50,1795,Bubble,Play Rough,Ice Beam,6,5,3,50000
Brionne,52.8,729,water,none,153.8,134.4,142,2935812,50,2131,Water Gun,Aqua Jet,Disarming Voice,14,15,3,10000
Carbink,52.8,703,rock,fairy,92.4,252.1,127,2959282,50,1658,Rock Throw,Moonblast,Rock Slide,10,9,5,75000
Maractus,52.7,556,grass,none,177.9,121.1,162,3490982,49,2498,Bullet Seed,Aerial Ace,Petal Blizzard,4,5,1,10000
Porygon-Z,52.3,474,normal,none,190.2,115.9,149,3284573,28,2500,Lock On,Tri Attack*,Blizzard,10,15,3,50000
Seadra,52.1,117,water,none,169.7,143.7,135,3292684,50,2366,Dragon Breath,Hydro Pump,Dragon Pulse,19,14,3,50000
Golem (Shadow),51.7,76,rock,ground,160.6,159.1,152,3881936,32.5,2499,Mud Slap,Earthquake,Stone Edge,7,6,1,10000
Raticate (Alolan) (Shadow),51.5,20,dark,normal,126,142,164,2935557,50,1927,Bite,Crunch,Hyper Fang,12,13,1,10000
Stantler,51.5,234,normal,none,173.9,122.7,161,3435721,50,2447,Tackle,Wild Charge,Stomp,15,14,3,50000
Rhydon (Shadow),51.3,112,ground,rock,162.6,133.1,177,3829951,29,2500,Mud Slap,Stone Edge,Earthquake,6,7,3,50000
Graveler (Shadow),51,75,rock,ground,150.4,150.4,135,3054278,50,2145,Mud Slap,Rock Slide*,Dig,5,5,1,10000
Hoopa (Unbound),50.7,720,psychic,dark,201.1,129.1,117,3037339,22,2473,Confusion,Dark Pulse,Shadow Ball,4,4,20,100000
Boldore (Shadow),50.6,525,rock,none,158.8,132.8,157,3310452,50,2293,Mud Slap,Rock Slide,Bulldoze,5,6,3,50000
Stantler (Shadow),50.6,234,normal,none,173.9,122.7,161,3435721,50,2447,Tackle,Wild Charge,Stomp,15,14,3,50000
Graveler,50.1,75,rock,ground,150.4,150.4,135,3054278,50,2145,Mud Slap,Rock Slide*,Dig,5,5,1,10000
Indeedee (Male),49.3,876,psychic,normal,174.4,147.3,139,3571053,46.5,2496,Extrasensory,Shadow Ball,Psychic,5,6,3,50000
Porygon-Z (Shadow),48.8,474,normal,none,190.2,115.9,149,3284573,28,2500,Lock On,Tri Attack*,Blizzard,10,15,3,50000
Cherrim (Overcast),48.7,421,grass,none,155.5,141.2,157,3445477,50,2315,Bullet Seed,Dazzling Gleam,Solar Beam,5,7,1,10000
Deoxys (Speed),48.6,386,psychic,none,180,169.6,113,3449282,32,2492,Charge Beam,Psycho Boost,Swift,4,4,20,100000
Audino,47.7,531,normal,none,108.4,149.6,205,3323780,50,1902,Charge Beam,Body Slam*,Disarming Voice,4,5,3,50000
Bastiodon,47.7,411,rock,steel,91.6,252.9,142,3289653,50,1741,Smack Down,Stone Edge,Flamethrower,7,7,5,75000
Rampardos (Shadow),46.8,409,rock,none,209.5,86.9,163,2965855,27.5,2494,Smack Down,Rock Slide,Flamethrower,6,7,5,75000
Seadra (Shadow),46.7,117,water,none,169.7,143.7,135,3292684,50,2366,Dragon Breath,Dragon Pulse,Hydro Pump,14,19,3,50000
Bastiodon (Shadow),46,411,rock,steel,91.6,252.9,142,3289653,50,1741,Smack Down,Stone Edge,Flamethrower,7,7,5,75000
Lilligant,41.4,549,grass,none,175,136.5,149,3558858,42.5,2498,Charm,Petal Blizzard,Hyper Beam,9,10,1,10000
Rampardos,41,409,rock,none,209.5,86.9,163,2965855,27.5,2494,Smack Down,Rock Slide,Flamethrower,6,7,5,75000
Regigigas,36.6,486,normal,none,178.1,135.9,143,3461848,21,2490,Hidden Power (Ice),Crush Grip*,Thunder,7,8,20,100000
Regigigas (Shadow),33.9,486,normal,none,181.8,132.8,141,3405347,21,2491,Hidden Power (Ice),Crush Grip*,Thunder,7,8,20,100000
Shaymin (Land),28.2,492,grass,none,152.6,158.3,169,4083556,28.5,2496,Zen Headbutt,Grass Knot,Seed Flare*,9,13,20,100000
Chansey,23.2,113,normal,none,63,120.2,421,3188219,50,1418,Zen Headbutt,Dazzling Gleam,Psychic,10,10,5,75000
Slaking,14.4,289,normal,none,178.4,108.9,180,3496428,20.5,2499,Yawn,Body Slam*,Earthquake,4,6,5,75000
Slaking (Shadow),12.1,289,normal,none,178.4,108.9,180,3496428,20.5,2499,Yawn,Body Slam*,Earthquake,4,6,5,75000
